{"config": {"train_data_path": "data/train_data.jsonl", "validation_data_path": "data/validation_data.jsonl", "data_sample": 1, "pretrained_model": "bert-base-multilingual-cased", "max_len": 250, "batch_size": 16, "num_labels": 3, "learning_rate": 1e-05, "skip_training": false, "num_epochs": 3, "test_size": 0.1, "enable_cuda": true}, "loss": [1.0702705383300781, 1.0257608890533447, 1.0897256135940552, 1.0939552783966064, 1.0817381143569946, 1.07423996925354, 1.053555965423584, 1.0428398847579956, 1.0609593391418457, 1.0840272903442383, 1.0075541734695435, 1.0852175951004028, 1.0142760276794434, 1.0132324695587158, 0.980759859085083, 0.9573514461517334, 0.9342613220214844, 0.8764899373054504, 1.0648936033248901, 0.9336888194084167, 1.0597798824310303, 1.0363372564315796, 1.0424323081970215, 1.0455635786056519, 0.910717248916626, 0.9404046535491943, 1.130117416381836, 0.8725572228431702, 0.8039602637290955, 0.9268544316291809, 0.764310359954834, 1.1007417440414429, 0.938244640827179, 0.7825931906700134, 0.7473663687705994, 1.4472553730010986, 1.0313366651535034, 0.7703097462654114, 0.9873424768447876, 0.71380615234375, 1.0358113050460815, 1.1354490518569946, 0.7571329474449158, 0.904453456401825, 0.9688101410865784, 0.9624555110931396, 0.8389469981193542, 0.9357962012290955, 0.8688446283340454, 0.8143715262413025, 0.8364101648330688, 0.6696301698684692, 0.7567570805549622, 0.6650766134262085, 0.9907785654067993, 0.9616424441337585, 0.9330641627311707, 0.9472636580467224, 0.6700979471206665, 0.6622064113616943, 1.1512691974639893, 0.6741000413894653, 0.5953177809715271, 0.7518376708030701, 0.7354239821434021, 0.7402847409248352, 0.8925100564956665, 0.857982337474823, 0.7552366256713867, 0.6764686107635498, 0.612678587436676, 0.5005077123641968, 0.653892993927002, 0.49200499057769775, 0.732532799243927, 0.760087788105011, 0.40612906217575073, 0.9390289783477783, 0.4988475739955902, 0.7704872488975525, 0.9801831841468811, 0.7420647144317627, 0.9567233920097351, 0.7383460998535156, 0.5920289754867554, 0.6904242634773254, 0.8799797296524048, 0.49380892515182495, 0.7982078194618225, 0.46541860699653625, 0.5069687366485596, 0.49747225642204285, 0.49681544303894043, 0.673977792263031, 0.40711745619773865, 0.7890304327011108, 0.6061668992042542, 0.5259294509887695, 0.7712238430976868, 0.6013554930686951, 0.5068618655204773, 0.5464159846305847, 0.8700820803642273, 0.499416708946228, 0.5462455153465271, 0.5292149186134338, 0.4157152771949768, 0.5240447521209717, 0.5820865035057068, 1.0663635730743408, 0.5024402737617493, 0.5259630084037781, 0.3672359585762024, 0.4752754867076874, 0.6084347367286682, 0.9675370454788208, 0.6727113723754883, 0.5333384275436401, 0.40272337198257446, 0.6285342574119568, 0.34233781695365906, 0.5564099550247192, 0.4545377492904663, 0.6441280245780945, 0.4462733864784241, 0.3488426208496094, 0.6105111837387085, 0.6855427026748657, 0.7281538844108582, 0.43227648735046387, 0.3803074061870575, 0.4932379126548767, 0.45302286744117737, 0.3847118616104126, 0.6454389691352844, 0.5926377177238464, 0.6790823936462402, 0.4228123724460602, 0.6414494514465332, 0.5060330629348755, 0.40286093950271606, 0.7110055685043335, 0.9129494428634644, 0.6638444066047668, 0.4520343542098999, 0.6334255933761597, 0.39545461535453796, 0.3403669595718384, 0.2705783545970917, 0.47519198060035706, 0.5392014384269714, 0.3667851388454437, 0.23908835649490356, 0.5404765009880066, 0.38640689849853516, 0.6774970293045044, 0.4365555942058563, 0.2507961690425873, 0.308663934469223, 0.608020007610321, 0.6765879988670349, 0.3066979646682739, 0.5017510056495667, 0.4712032377719879, 0.5336915850639343, 0.8418784141540527, 0.4802781045436859, 0.33725598454475403, 0.4263352155685425, 0.48146361112594604, 0.777014434337616, 0.2428036779165268, 0.28978580236434937, 0.629795491695404, 0.4800020754337311, 0.13685055077075958, 0.4422527849674225, 0.43143022060394287, 0.437465637922287, 0.35968101024627686, 0.33924025297164917, 0.2747083604335785, 0.2855643332004547, 0.37701812386512756, 0.28372159600257874, 0.31801286339759827, 0.5261687636375427, 0.359341025352478, 0.46502116322517395, 0.3829095959663391, 0.36752110719680786, 0.33517178893089294, 0.30129674077033997, 0.28696221113204956, 0.538205623626709, 0.2605840265750885, 0.355288565158844, 0.41450798511505127, 0.2784390449523926, 0.29465579986572266, 0.4937297999858856, 0.45071175694465637, 0.4167203903198242, 0.2962299883365631, 0.32995250821113586, 0.729552149772644, 0.4676748216152191, 0.5388047695159912, 0.34638941287994385, 0.6282980442047119, 0.38548386096954346, 0.22024282813072205, 0.32231998443603516, 0.7670960426330566, 0.29308587312698364, 0.5898008942604065, 0.4940393269062042, 0.3982500433921814, 0.41971486806869507, 0.1939370483160019, 0.501272439956665, 0.5967859625816345, 0.5311576128005981, 0.21013517677783966, 0.6273578405380249, 0.3699250817298889, 0.2748678922653198, 0.5384219288825989, 0.1799856722354889, 0.276736855506897, 0.228554368019104, 0.24704831838607788, 0.32296767830848694, 0.18621958792209625, 0.340919554233551, 0.33598819375038147, 0.12790744006633759, 0.6564429402351379, 0.4290505647659302, 0.3955113887786865, 0.43142208456993103, 0.5593995451927185, 0.1455034464597702, 0.24456796050071716, 0.19058281183242798, 0.42864662408828735, 0.2570424973964691, 0.24517600238323212, 0.1865864098072052, 0.14202864468097687, 0.30193379521369934, 0.18323896825313568, 0.2634730935096741, 0.36225223541259766, 0.1295091062784195, 0.3336070477962494, 0.2545912265777588, 0.18998049199581146, 0.1654628962278366, 0.2737021744251251, 0.29197371006011963, 0.1280239075422287, 0.2751743197441101, 0.5087147355079651, 0.11673986911773682, 0.34713006019592285, 0.3111084997653961, 0.14619550108909607, 0.2608553171157837, 0.25745144486427307, 0.08495128899812698, 0.2445598542690277, 0.20835107564926147, 0.3322540819644928, 0.15122920274734497, 0.11905974894762039, 0.3317301273345947, 0.2620668411254883, 0.26483774185180664, 0.2692989408969879, 0.1809796690940857, 0.3002869188785553, 0.26338085532188416, 0.283575177192688, 0.11021292954683304, 0.16230487823486328, 0.2573682367801666, 0.3563646972179413, 0.26216885447502136, 0.1717737466096878, 0.09189949184656143, 0.28763464093208313, 0.08034884184598923, 0.2976149618625641, 0.21812136471271515, 0.2717149257659912, 0.2448570728302002, 0.20764395594596863, 0.3617578446865082, 0.11984261125326157, 0.28896307945251465, 0.202310249209404, 0.16921058297157288, 0.3228548765182495, 0.23453812301158905, 0.12422952055931091, 0.091209776699543, 0.2046983242034912, 0.1981380432844162, 0.25317344069480896, 0.3785344660282135, 0.1410515308380127, 0.04618613049387932, 0.0807936042547226, 0.18617038428783417, 0.1491910070180893, 0.07554849237203598, 0.27976754307746887, 0.1295449584722519, 0.19576436281204224, 0.22025209665298462, 0.14393533766269684, 0.16383059322834015, 0.1653939187526703, 0.2728772759437561, 0.11377134919166565, 0.22789880633354187, 0.32378000020980835, 0.3832840919494629, 0.14824199676513672, 0.1903543323278427, 0.2652943730354309, 0.11334772408008575, 0.192605659365654, 0.10863731056451797, 0.2240055799484253, 0.0793188288807869, 0.05582107603549957, 0.20269890129566193, 0.3688063323497772, 0.08026617020368576, 0.05918147414922714, 0.09851458668708801, 0.04687005653977394, 0.05987508222460747, 0.031710345298051834, 0.0599048025906086, 0.06281974166631699, 0.15959389507770538, 0.037412337958812714, 0.17638540267944336, 0.12072659283876419, 0.1101742759346962, 0.15141530334949493, 0.12349560856819153, 0.10474881529808044, 0.11142679303884506, 0.14245209097862244, 0.08131471276283264, 0.29627326130867004, 0.34612590074539185, 0.0849955677986145, 0.17761972546577454, 0.10664147138595581, 0.34639328718185425, 0.04524749517440796, 0.1304086297750473, 0.36169230937957764, 0.1602185219526291, 0.14054235816001892, 0.2835959196090698, 0.16570022702217102, 0.19196434319019318, 0.23418159782886505, 0.14906218647956848, 0.08439771085977554, 0.046078816056251526, 0.133732870221138,