{"config": {"train_data_path": "data/train_data.jsonl", "validation_data_path": "data/validation_data.jsonl", "data_sample": 1, "pretrained_model": "bert-base-multilingual-cased", "max_len": 125, "batch_size": 16, "num_labels": 3, "learning_rate": 1e-05, "skip_training": false, "num_epochs": 3, "enable_cuda": true}, "loss": [1.0968953371047974, 1.1007537841796875, 1.1522481441497803, 1.0823606252670288, 1.145898461341858, 1.1349014043807983, 1.141940712928772, 1.1120128631591797, 1.0684049129486084, 1.1303209066390991, 1.0444090366363525, 1.0884766578674316, 1.0641980171203613, 1.0263251066207886, 1.0572093725204468, 1.0068073272705078, 1.0061861276626587, 0.998155415058136, 0.9833000302314758, 0.9925174117088318, 0.9129933714866638, 0.8812202215194702, 0.9305564761161804, 0.9325203895568848, 0.8960866928100586, 1.0496903657913208, 0.9393803477287292, 0.8477367162704468, 0.6641644239425659, 0.6297069191932678, 1.0246999263763428, 0.759720504283905, 0.9079630970954895, 0.9567819833755493, 0.6918557286262512, 1.1442524194717407, 0.6496658325195312, 0.8804172277450562, 0.7497541904449463, 0.8628212213516235, 1.0804651975631714, 0.8397271037101746, 0.9429173469543457, 0.9726775884628296, 0.9372987151145935, 0.798287570476532, 0.9470213651657104, 0.7101801633834839, 0.8899664282798767, 0.7913385629653931, 0.6585672497749329, 0.7648494839668274, 0.7762700915336609, 0.7698579430580139, 0.7345761060714722, 0.7902189493179321, 0.866491436958313, 0.743572473526001, 0.8683174848556519, 0.8012233972549438, 1.3375080823898315, 1.2139198780059814, 0.8322191834449768, 0.7945113778114319, 0.8775905966758728, 0.7164934873580933, 0.7176323533058167, 0.7406310439109802, 0.6752502918243408, 0.838583767414093, 0.8036879301071167, 0.8781421184539795, 0.6676738858222961, 0.6184027791023254, 0.8856732249259949, 0.6441335678100586, 0.7658324241638184, 0.7198266386985779, 0.45640942454338074, 0.6239547729492188, 0.5300586223602295, 0.492585688829422, 0.5533111691474915, 0.4814636707305908, 0.7850392460823059, 0.4113171398639679, 0.6979655027389526, 0.7081363201141357, 0.4582206904888153, 0.3509341776371002, 0.5862611532211304, 1.3200676441192627, 1.2063424587249756, 0.4647481441497803, 0.9689182043075562, 0.5006746649742126, 0.6890873908996582, 0.7718772888183594, 1.240269660949707, 0.6552804708480835, 0.6415010094642639, 0.6467387080192566, 0.7970089912414551, 0.5200555324554443, 0.7002024054527283, 1.1202107667922974, 0.5697565674781799, 0.565121054649353, 0.5083359479904175, 0.6388131380081177, 0.46267807483673096, 0.8041990995407104, 0.8372721672058105, 0.5857430100440979, 0.5924935340881348, 0.7406518459320068, 0.7154208421707153, 0.7699875235557556, 1.0613059997558594, 0.6593243479728699, 0.371354341506958, 0.6251150965690613, 0.7303174734115601, 0.47176432609558105, 0.6790223717689514, 0.7663311958312988, 0.6298134326934814, 0.5239163637161255, 0.6371002793312073, 0.43206530809402466, 1.0204720497131348, 0.9792249202728271, 0.5785463452339172, 0.4749085605144501, 0.8699143528938293, 0.4849918782711029, 0.5620632171630859, 0.4516807496547699, 0.5913004875183105, 0.523158609867096, 0.39820435643196106, 0.4825098514556885, 0.7371256947517395, 0.5039003491401672, 0.4606785178184509, 0.839462399482727, 0.4856046140193939, 0.7224979996681213, 0.18768750131130219, 0.78586745262146, 0.42336487770080566, 0.5136262774467468, 0.4014154076576233, 0.4202202260494232, 0.4945649206638336, 0.35286372900009155, 0.9590148329734802, 0.3780915141105652, 0.3959687650203705, 0.6027088761329651, 0.32343676686286926, 0.3862200975418091, 0.48273399472236633, 0.5454703569412231, 0.35330215096473694, 0.6927286386489868, 0.3456200361251831, 0.5971270799636841, 0.24962809681892395, 0.38148948550224304, 0.5117746591567993, 0.27184394001960754, 0.5501639246940613, 1.1605100631713867, 0.6051639318466187, 0.31451326608657837, 0.28059425950050354, 0.9892016649246216, 0.6102835536003113, 0.4929565489292145, 0.3701324462890625, 0.24153418838977814, 0.26968929171562195, 0.5331609845161438, 0.3430638909339905, 0.3323087990283966, 0.5343343019485474, 0.24782229959964752, 0.5689270496368408, 0.5227270126342773, 0.6096985936164856, 0.5226526856422424, 0.3865867257118225, 0.33713334798812866, 0.34134775400161743, 0.25441303849220276, 0.3652300238609314, 0.2877153754234314, 0.30914953351020813, 0.35237187147140503, 0.7673323750495911, 0.5632125735282898, 0.23673267662525177, 0.29613184928894043, 0.31822696328163147, 0.39679187536239624, 0.5763512253761292, 0.211930513381958, 0.3065057396888733, 0.2172393947839737, 0.28662577271461487, 0.3976443111896515, 0.3747946619987488, 0.3494110405445099, 0.30198875069618225, 0.3873473107814789, 0.26410147547721863, 0.21557991206645966, 0.32825547456741333, 0.35405227541923523, 0.33903971314430237, 0.30617770552635193, 0.19254475831985474, 0.40971606969833374, 0.3159751296043396, 0.2854747772216797, 0.4207811951637268, 0.2318166047334671, 0.3510409891605377, 0.32688185572624207, 0.2674553692340851, 0.30599460005760193, 0.33661431074142456, 0.08326869457960129, 0.1319727748632431, 0.4478329122066498, 0.2938426733016968, 0.19742543995380402, 0.3662901222705841, 0.5147928595542908, 0.2907901108264923, 0.13232102990150452, 0.39599648118019104, 0.29760000109672546, 0.4283451735973358, 0.1117681935429573, 0.08721727877855301, 0.29323771595954895, 0.14872035384178162, 0.5137377977371216, 0.4005028307437897, 0.2511253356933594, 0.08733721077442169, 0.2008066624403, 0.1986781507730484, 0.16341431438922882, 0.22918860614299774, 0.15686775743961334, 0.35939690470695496, 0.17649780213832855, 0.6281260848045349, 0.21304960548877716, 0.5099517107009888, 0.15886318683624268, 0.13060034811496735, 0.4043550193309784, 0.41104644536972046, 0.36259305477142334, 0.24348728358745575, 0.20875220000743866, 0.4169805645942688, 0.6487568020820618, 0.5041562914848328, 0.09262789785861969, 0.6234344840049744, 0.10199473798274994, 0.27258387207984924, 0.19559381902217865, 0.40743425488471985, 0.14597226679325104, 0.2755398154258728, 0.3841361701488495, 0.4212958514690399, 0.3711976408958435, 0.342163622379303, 0.6620841026306152, 0.14158274233341217, 0.1688736379146576, 0.4595491290092468, 0.23276400566101074, 0.1871432363986969, 0.570742130279541, 0.23719854652881622, 0.29176265001296997, 0.43571990728378296, 0.2075250893831253, 0.11076755076646805, 0.07536019384860992, 0.226211816072464, 0.2493005245923996, 0.29351258277893066, 0.28049236536026, 0.27723878622055054, 0.13176295161247253, 0.19474612176418304, 0.16544923186302185, 0.1702921986579895, 0.25259917974472046, 0.40916499495506287, 0.10501980036497116, 0.27755996584892273, 0.3178682327270508, 0.2418147176504135, 0.26156091690063477, 0.0944581851363182, 0.12146906554698944, 0.20780619978904724, 0.1278866082429886, 0.19579754769802094, 0.04776358604431152, 0.2621854841709137, 0.3189619779586792, 0.10553859919309616, 0.1903701275587082, 0.1045948714017868, 0.1064986139535904, 0.16334748268127441, 0.17743556201457977, 0.31979626417160034, 0.16054874658584595, 0.15030039846897125, 0.13373516499996185, 0.18242870271205902, 0.19500070810317993, 0.15082231163978577, 0.12551072239875793, 0.11011241376399994, 0.08494091033935547, 0.11378245055675507, 0.153154194355011, 0.10368463397026062, 0.21286165714263916, 0.25006231665611267, 0.13873864710330963, 0.26960667967796326, 0.3517477810382843, 0.1216435581445694, 0.15251857042312622, 0.07657825201749802, 0.08651197701692581, 0.2586791217327118, 0.06596580892801285, 0.1197483241558075, 0.3051254153251648, 0.14282625913619995, 0.15623608231544495, 0.054072894155979156, 0.1800517737865448, 0.07338257879018784, 0.09549612551927567, 0.21426787972450256, 0.16608311235904694, 0.34651753306388855, 0.22372004389762878, 0.059779196977615356, 0.11465207487344742, 0.2588728368282318, 0.23374015092849731, 0.04493634030222893, 0.05295480415225029, 0.5287680625915527, 0.3849918246269226, 0.11660528182983398, 0.11897438019514084, 0.06907334178686142, 0.4751216471195221, 0.3654625117778778, 0.13999374210834503, 