{"config": {"train_data_path": "data/train_data_random_labels_50percent.jsonl", "validation_data_path": "data/validation_random_labels_50percent.jsonl", "data_sample": 1, "pretrained_model": "bert-base-multilingual-cased", "max_len": 250, "batch_size": 16, "num_labels": 3, "learning_rate": 1e-05, "skip_training": false, "num_epochs": 3, "enable_cuda": true}, "loss": [1.0776598453521729, 1.1368054151535034, 1.0535542964935303, 1.1211565732955933, 1.102783203125, 1.0837799310684204, 1.1135609149932861, 1.0905957221984863, 1.0943005084991455, 1.0821868181228638, 1.0613822937011719, 1.0559147596359253, 1.0517959594726562, 1.0485475063323975, 1.1193941831588745, 1.0914874076843262, 1.029740810394287, 1.0632652044296265, 0.8959351778030396, 0.9492699503898621, 1.0367374420166016, 1.0589616298675537, 1.0378432273864746, 0.9652898907661438, 0.9757404327392578, 0.9591375589370728, 1.0391099452972412, 0.8882798552513123, 1.0325924158096313, 1.1271452903747559, 0.9308212399482727, 1.0341042280197144, 0.7434773445129395, 0.9149971008300781, 0.8181286454200745, 0.8552917838096619, 0.8420193791389465, 0.7838492393493652, 0.8710216283798218, 0.5623788237571716, 0.994515061378479, 1.0425224304199219, 1.280489444732666, 0.8367714881896973, 0.949034571647644, 0.9968335628509521, 1.0259042978286743, 0.9208484292030334, 1.0247899293899536, 0.9960373640060425, 0.928411602973938, 0.8990668058395386, 0.8527029156684875, 0.8919659852981567, 0.8971703052520752, 0.714621901512146, 0.8947896957397461, 0.9630719423294067, 0.8322679400444031, 0.7418234348297119, 0.6961634159088135, 0.7520127296447754, 0.7720229029655457, 1.154017448425293, 0.961094856262207, 0.9939279556274414, 0.785434901714325, 1.3031175136566162, 0.798223078250885, 0.74974125623703, 0.8203738927841187, 0.7600241303443909, 0.939373791217804, 0.9182111620903015, 0.7977015972137451, 0.8252639174461365, 0.9382846355438232, 1.0117238759994507, 0.9761109948158264, 0.9473221302032471, 1.006466269493103, 0.8317907452583313, 1.0134896039962769, 1.3779007196426392, 0.6926538348197937, 1.106650710105896, 0.983272910118103, 0.8613306879997253, 0.9261585474014282, 1.1450122594833374, 0.7511270046234131, 0.7981094121932983, 0.9406704306602478, 0.859718382358551, 0.8949236273765564, 0.9742465019226074, 1.0483551025390625, 0.7636851668357849, 0.8595414161682129, 1.0324589014053345, 0.831131637096405, 0.7437797784805298, 0.7991400957107544, 0.8667519092559814, 1.1145566701889038, 0.8111346960067749, 0.6804091930389404, 0.714880108833313, 1.116897463798523, 0.8886580467224121, 0.9855815768241882, 0.6814616918563843, 0.7790371179580688, 0.691246747970581, 0.8707730174064636, 0.6759342551231384, 0.8364737629890442, 1.553855538368225, 0.8450359106063843, 0.8168668150901794, 0.979889988899231, 1.1519733667373657, 0.8777942657470703, 0.7172109484672546, 0.8176591396331787, 0.8349528908729553, 1.1025575399398804, 0.8871788382530212, 0.6173304319381714, 1.0061787366867065, 0.762067973613739, 1.100859522819519, 0.6902174949645996, 1.0015480518341064, 0.71332186460495, 0.7793142199516296, 0.9381634593009949, 0.770025908946991, 1.1112010478973389, 0.9807146191596985, 0.8862632513046265, 0.9903976321220398, 0.8290579915046692, 0.7517302632331848, 0.6515621542930603, 0.716242253780365, 0.7225464582443237, 0.6443749666213989, 0.6612961292266846, 0.932586133480072, 0.7667157649993896, 1.127586007118225, 0.6687912344932556, 0.7179151773452759, 1.1860086917877197, 0.9880553483963013, 0.8512997627258301, 0.9800509214401245, 0.652545690536499, 0.7776267528533936, 0.8855463862419128, 0.8339729905128479, 0.6547096371650696, 0.831929087638855, 0.6138469576835632, 0.7674728035926819, 0.9290503263473511, 0.7520714998245239, 0.5627956986427307, 0.7960896492004395, 0.74739009141922, 0.5803296566009521, 0.6349485516548157, 0.7369318604469299, 0.5219628810882568, 0.5095288753509521, 0.7612434029579163, 0.5021677017211914, 0.6834024786949158, 0.8408317565917969, 1.2055145502090454, 0.9603766202926636, 0.5459092855453491, 0.6978198289871216, 0.6326664090156555, 0.4979802966117859, 0.6677650213241577, 1.050718903541565, 0.8313554525375366, 0.8174582719802856, 0.6245731115341187, 0.7339590787887573, 1.3162035942077637, 0.8328574895858765, 0.7763853669166565, 1.0556684732437134, 1.0930861234664917, 0.7268961668014526, 0.9921148419380188, 0.7134499549865723, 0.6120752692222595, 0.8556780219078064, 0.731440544128418, 0.6956647634506226, 0.8294049501419067, 0.5981030464172363, 0.8037317991256714, 0.7806029915809631, 0.8724588751792908, 0.8940945863723755, 0.8776661157608032, 0.7200973033905029, 0.4310537874698639, 0.47499778866767883, 0.5716449618339539, 0.8727216124534607, 0.8508022427558899, 0.7140827178955078, 0.6655087471008301, 0.7319098711013794, 0.6489880681037903, 0.6710155010223389, 0.846770703792572, 0.39531785249710083, 0.7506195306777954, 0.7778226733207703, 0.6509509682655334, 0.6691957116127014, 0.6580377817153931, 0.5557484030723572, 0.8319705128669739, 0.7748311161994934, 0.9106927514076233, 0.3896135687828064, 0.8002908229827881, 0.5875774621963501, 0.7186479568481445, 0.7660172581672668, 0.6176120638847351, 0.6284790635108948, 0.7994236350059509, 0.7484888434410095, 0.7848978638648987, 0.8185340762138367, 0.7234143614768982, 0.7411814332008362, 0.7262097597122192, 0.9416647553443909, 0.7969197034835815, 0.9215925931930542, 0.6132215261459351, 0.44914907217025757, 0.44814571738243103, 0.5616894960403442, 0.5911998152732849, 0.8995562791824341, 1.0354418754577637, 0.8349572420120239, 0.4179645776748657, 0.54459547996521, 0.6947219371795654, 0.9793822765350342, 0.470603883266449, 0.840269148349762, 0.9922827482223511, 0.5579665899276733, 0.6104096174240112, 0.5401818752288818, 0.9107701778411865, 0.8518486022949219, 0.6560434103012085, 0.3628624975681305, 0.5439024567604065, 0.7840268015861511, 0.5145015120506287, 0.8448475003242493, 1.202505111694336, 0.8757852911949158, 0.6982445120811462, 0.40775662660598755, 0.81538987159729, 0.5857865810394287, 0.7274118065834045, 0.50892573595047, 0.29869407415390015, 0.66640305519104, 0.6869526505470276, 0.5403825640678406, 0.7396019101142883, 0.5221796631813049, 0.6172105669975281, 0.8836612701416016, 0.9056921601295471, 0.8632144331932068, 0.6073759198188782, 0.7210630178451538, 0.6388940811157227, 0.5702090859413147, 0.8250305652618408, 0.6305440664291382, 0.6306041479110718, 0.38580945134162903, 0.6068614721298218, 0.8788421154022217, 0.7270596027374268, 0.4055653512477875, 0.6255995035171509, 0.7774490118026733, 0.5172688961029053, 0.5854659080505371, 0.4304732084274292, 0.7846250534057617, 0.48700374364852905, 0.419790118932724, 0.43411192297935486, 0.5278158187866211, 0.40793663263320923, 0.5830947160720825, 0.43467235565185547, 0.4639766216278076, 0.19169919192790985, 1.0024982690811157, 0.36276254057884216, 0.3113443851470947, 0.6152622699737549, 0.5366598963737488, 0.48198553919792175, 0.6978660225868225, 0.6976732611656189, 0.6957533359527588, 0.7546683549880981, 0.754104495048523, 0.8371282815933228, 0.45641329884529114, 0.8287989497184753, 0.5000978112220764, 0.40995827317237854, 0.38602277636528015, 0.48823490738868713, 0.42729508876800537, 0.47757041454315186, 0.5500130653381348, 0.3469908833503723, 0.5803046226501465, 0.16515880823135376, 0.6849744319915771, 0.30030742287635803, 0.541701078414917, 0.32809996604919434, 0.9663010835647583, 0.9061298370361328, 0.3991251587867737, 0.6602482795715332, 0.49247264862060547, 0.5503286123275757, 0.6275525689125061, 0.7450758814811707, 0.4499407112598419, 0.6231958270072937, 0.7541329860687256, 0.5393146872520447, 1.0458247661590576, 0.4578469395637512, 0.5651841759681702, 0.38031095266342163, 0.5728871822357178, 0.5262970328330994, 0.7897457480430603, 0.5975109934806824, 0.35052651166915894, 0.446002334356308, 0.5763590335845947, 0.5073614716529846, 0.5063245892524719, 0.47423261404037476, 0.7135640978813171, 0.957632839679718, 0.5422728657722473, 0.5101799368858337, 0.791465163230896, 0.33249011635780334, 0.509162962436676, 0.35509979724884033, 