{"config": {"train_data_path": "data/train_data.jsonl", "validation_data_path": "data/validation_data.jsonl", "data_sample": 1, "pretrained_model": "bert-base-multilingual-cased", "max_len": 5, "batch_size": 16, "num_labels": 3, "learning_rate": 1e-05, "skip_training": false, "num_epochs": 3, "enable_cuda": true}, "loss": [1.2426836490631104, 1.221358299255371, 1.1746642589569092, 1.2163251638412476, 1.2508999109268188, 1.2840869426727295, 1.2365134954452515, 1.2312220335006714, 1.1472082138061523, 1.1972090005874634, 1.1770079135894775, 1.1259469985961914, 1.0880006551742554, 1.143743872642517, 1.1384754180908203, 1.1039514541625977, 1.1042563915252686, 1.0462740659713745, 1.0093258619308472, 1.0729994773864746, 0.9644510746002197, 1.0053842067718506, 1.0378276109695435, 1.0623557567596436, 1.116391658782959, 0.9761095643043518, 0.9011518359184265, 0.9680612087249756, 0.8778156042098999, 1.13714599609375, 0.9420663714408875, 0.8198191523551941, 1.1813822984695435, 0.8545315265655518, 0.9257921576499939, 1.0576421022415161, 0.9185905456542969, 0.7879802584648132, 0.8367617726325989, 1.0726878643035889, 0.9557867050170898, 0.9248731732368469, 0.8304324746131897, 0.8523120284080505, 0.8608406186103821, 0.7308207750320435, 0.8111726641654968, 0.8799651861190796, 0.7736838459968567, 0.7803265452384949, 1.1812061071395874, 0.780443549156189, 1.04997980594635, 1.0885730981826782, 0.7506635785102844, 1.0048444271087646, 0.8121857643127441, 0.9353929758071899, 0.810087263584137, 1.0195657014846802, 0.8969417810440063, 0.7489024996757507, 0.8450660109519958, 1.0166828632354736, 1.0003318786621094, 0.9773297309875488, 0.9187214970588684, 1.0261424779891968, 0.9570186138153076, 0.8547297716140747, 0.9984458684921265, 0.7475681900978088, 0.8767174482345581, 1.0886144638061523, 1.3679499626159668, 0.8828660845756531, 0.9295798540115356, 0.7193386554718018, 0.9048466086387634, 0.8179619312286377, 0.8436106443405151, 1.0620373487472534, 0.9476636648178101, 1.2379707098007202, 1.129388451576233, 0.6575757265090942, 1.1481974124908447, 0.8779338598251343, 0.8641294240951538, 0.9495168924331665, 0.8927011489868164, 0.7943809032440186, 1.1378999948501587, 0.8998638391494751, 0.9677044153213501, 0.7208285331726074, 0.8090876936912537, 0.9061667323112488, 1.0339210033416748, 0.8922467231750488, 0.8097919821739197, 0.8558849692344666, 0.7995483875274658, 0.9066672325134277, 0.7596050500869751, 0.7312324047088623, 0.8535340428352356, 0.644176185131073, 0.7679412961006165, 1.1151560544967651, 0.6955342888832092, 0.6465795040130615, 0.6974249482154846, 0.5827565789222717, 0.7396979331970215, 0.6277714967727661, 0.94406658411026, 0.7208249568939209, 0.8952175378799438, 0.6266969442367554, 0.865650475025177, 0.8563574552536011, 0.5475476384162903, 1.0608667135238647, 0.7381867170333862, 0.9809010624885559, 0.9079188108444214, 0.6996976733207703, 0.9510439038276672, 0.8360251188278198, 0.7869724035263062, 0.9479485154151917, 0.699278712272644, 0.9278444647789001, 1.0486949682235718, 0.8718088269233704, 0.719618558883667, 0.6141043901443481, 0.5710824728012085, 0.9056212902069092, 1.269757866859436, 0.9404497742652893, 1.0816357135772705, 0.930495023727417, 0.8386299014091492, 0.797329843044281, 0.42008352279663086, 0.7917641401290894, 0.842830240726471, 0.774851381778717, 0.7965819239616394, 1.205306887626648, 0.7958700060844421, 0.6825481653213501, 0.8808916211128235, 0.7837793231010437, 0.7728040814399719, 0.8553153276443481, 0.8328800201416016, 0.6436552405357361, 0.760153591632843, 0.5576772093772888, 0.7487078309059143, 0.9239108562469482, 0.5397101044654846, 1.5873385667800903, 1.0384905338287354, 0.6254761219024658, 0.5228591561317444, 0.6955170035362244, 0.5365355610847473, 0.8445293307304382, 0.9832305312156677, 0.6283584833145142, 0.6860544085502625, 0.8883308172225952, 1.0550390481948853, 0.5807792544364929, 0.6941689252853394, 0.9020320773124695, 0.6102907657623291, 0.5409254431724548, 0.5099510550498962, 0.7894457578659058, 0.5160050988197327, 0.3420039415359497, 0.7937710285186768, 0.6894371509552002, 1.3318337202072144, 0.3042101562023163, 0.8385365009307861, 1.1361583471298218, 0.6390683054924011, 0.5863614082336426, 0.8368106484413147, 0.5500314831733704, 0.49041634798049927, 0.5891515612602234, 0.6501868963241577, 0.6767865419387817, 0.5762079358100891, 0.48215338587760925, 0.49989134073257446, 0.8883354067802429, 0.8511840105056763, 0.8213800191879272, 0.5636800527572632, 1.2432383298873901, 0.47790953516960144, 0.6449365019798279, 0.4428321421146393, 0.3275811970233917, 0.6032875180244446, 0.609140932559967, 0.9718543291091919, 0.6914095878601074, 0.7739579677581787, 0.5490498542785645, 0.7035945057868958, 0.490782767534256, 0.5962519645690918, 0.5353944897651672, 0.5484169721603394, 0.4762286841869354, 0.434241384267807, 0.35142531991004944, 0.6077383756637573, 0.9534153938293457, 0.6191338896751404, 0.818426787853241, 0.6063692569732666, 0.4801192581653595, 0.8144323825836182, 0.4076566994190216, 0.591381847858429, 0.5871518850326538, 0.4780307710170746, 0.625238299369812, 0.5119038820266724, 0.8748381733894348, 0.3478308916091919, 0.4799996316432953, 0.9990114569664001, 0.4731809198856354, 0.8767253160476685, 1.1783407926559448, 0.8695684671401978, 0.3620258867740631, 0.6161590814590454, 0.8824180960655212, 0.7619298696517944, 0.8242096304893494, 0.8709496855735779, 0.5742202997207642, 0.816852331161499, 0.7996194362640381, 0.5386070609092712, 0.728040874004364, 0.7909179329872131, 0.690193772315979, 0.97575843334198, 0.5057379603385925, 0.49798479676246643, 0.5735360383987427, 0.7517157196998596, 0.9265261292457581, 0.5422961115837097, 0.4070645570755005, 0.4051380455493927, 0.612381637096405, 0.5248697400093079, 0.6353314518928528, 0.4849727153778076, 0.34177666902542114, 0.6080443859100342, 0.5698850154876709, 0.7323063611984253, 0.7686066031455994, 0.7446978092193604, 0.5599097013473511, 0.6704425811767578, 0.6580848693847656, 0.8124223947525024, 0.7178047299385071, 0.8121543526649475, 0.46650055050849915, 0.3962794840335846, 0.5382809638977051, 1.1392568349838257, 0.44843584299087524, 0.6450055241584778, 0.4308937191963196, 0.5994851589202881, 0.4831099212169647, 0.8021606206893921, 0.5394570231437683, 0.4423896074295044, 0.7220370769500732, 0.4467411935329437, 0.5995516180992126, 0.4223448634147644, 0.5860737562179565, 0.3328422009944916, 0.46173426508903503, 0.4758257567882538, 0.5360884666442871, 0.5754422545433044, 0.33687102794647217, 0.5267805457115173, 0.2735373377799988, 0.7502800226211548, 0.732187032699585, 0.39853635430336, 0.7104732990264893, 0.39404743909835815, 0.8549830317497253, 0.41067758202552795, 0.6212148070335388, 0.5564093589782715, 0.2955870032310486, 0.35247620940208435, 0.3763173818588257, 0.532353937625885, 0.45383554697036743, 0.43432849645614624, 0.479285329580307, 0.6628811359405518, 1.0211293697357178, 0.4857405126094818, 0.33142420649528503, 0.6857211589813232, 0.497663289308548, 0.6235911846160889, 0.5022546648979187, 0.7227906584739685, 0.37863633036613464, 0.3194810450077057, 0.7571384310722351, 1.2481322288513184, 0.6907660365104675, 0.2221948653459549, 1.3099970817565918, 0.7603287696838379, 0.5570763349533081, 0.580512285232544, 0.4022032916545868, 1.0069670677185059, 0.4476408362388611, 0.9129184484481812, 0.4599696695804596, 0.6154013872146606, 0.5214409828186035, 0.38495907187461853, 0.5104065537452698, 0.5180760025978088, 0.7198951840400696, 1.436324954032898, 0.47363516688346863, 0.38191455602645874, 0.364803671836853, 0.561557412147522, 0.4759804904460907, 0.5043491125106812, 0.5576616525650024, 0.5252567529678345, 0.6184149980545044, 0.6191172003746033, 0.9028849601745605, 0.4112735688686371, 0.6079901456832886, 0.3116143047809601, 0.3617127537727356, 0.39435824751853943, 0.522084653377533, 0.717628002166748, 0.8823028802871704, 0.38457393646240234, 0.680607795715332, 0.40257200598716736, 0.5445359945297241, 0.4151996672153473, 0.6367248296737671, 0.4551036059856415, 0.5780603885650635, 