{"config": {"train_data_path": "data/train_data_random_labels_100percent.jsonl", "validation_data_path": "data/validation_random_labels_100percent.jsonl", "data_sample": 1, "pretrained_model": "bert-base-multilingual-cased", "max_len": 250, "batch_size": 16, "num_labels": 3, "learning_rate": 1e-05, "skip_training": false, "num_epochs": 3, "enable_cuda": true}, "loss": [1.0878007411956787, 1.050490140914917, 1.1148022413253784, 1.0433142185211182, 1.110671043395996, 1.0683647394180298, 1.071889042854309, 1.1703988313674927, 1.1139181852340698, 1.0315699577331543, 1.0196473598480225, 1.0500268936157227, 1.0735795497894287, 1.0589985847473145, 1.0649758577346802, 0.9895264506340027, 0.9731544852256775, 0.962916910648346, 1.0486550331115723, 0.971844494342804, 0.9947862029075623, 1.0195527076721191, 0.9478560090065002, 0.9541826248168945, 1.2052017450332642, 0.9436864852905273, 1.0290404558181763, 0.8422878384590149, 1.0941879749298096, 0.8485011458396912, 0.9623562693595886, 1.114643931388855, 0.9550155401229858, 0.8579029440879822, 0.8880815505981445, 0.9489288330078125, 0.8660321235656738, 0.8020583391189575, 1.0085301399230957, 0.8712384104728699, 0.7777274250984192, 0.7902511358261108, 0.8367945551872253, 0.8543919920921326, 0.8165667653083801, 1.1816465854644775, 1.0961081981658936, 0.7857952117919922, 0.7778366208076477, 0.6876139640808105, 1.129978060722351, 0.8278049826622009, 1.0700191259384155, 0.8026803135871887, 0.8221310973167419, 0.7982092499732971, 0.9436464905738831, 1.4302877187728882, 0.9520999193191528, 1.0383813381195068, 0.8021630048751831, 0.9824953079223633, 1.0506339073181152, 0.7768468856811523, 0.785763680934906, 0.8387081623077393, 0.9483299255371094, 0.854772686958313, 1.090767502784729, 0.8712241649627686, 0.9588106274604797, 1.104119062423706, 1.3116353750228882, 0.9157215356826782, 0.9080132842063904, 0.8304957151412964, 0.8184921145439148, 1.0252434015274048, 1.0267704725265503, 0.8314536809921265, 1.00421941280365, 0.8823228478431702, 0.9149296283721924, 1.0308469533920288, 1.002155065536499, 0.9380784034729004, 0.6956515908241272, 1.1157909631729126, 1.0481122732162476, 0.8825441002845764, 0.9050397276878357, 0.7650305032730103, 0.8014734387397766, 1.0571366548538208, 0.9609969854354858, 0.7029346823692322, 0.7989382743835449, 0.9900937676429749, 0.6458555459976196, 0.8037977814674377, 1.1408343315124512, 0.746391236782074, 1.0893023014068604, 0.7224214673042297, 0.9118471741676331, 1.069164752960205, 1.04725182056427, 1.0625227689743042, 1.0640301704406738, 0.7467783689498901, 0.8776377439498901, 0.8106070756912231, 0.7938182353973389, 0.8989957571029663, 0.9483956098556519, 1.0904895067214966, 0.8254172801971436, 1.0504491329193115, 0.7407276630401611, 1.0478144884109497, 1.0646274089813232, 0.9795777797698975, 0.5914798974990845, 0.8975811004638672, 1.225428819656372, 0.7454430460929871, 0.789110004901886, 0.7857462763786316, 0.6841703653335571, 0.8269087672233582, 1.0955586433410645, 1.0528020858764648, 0.9422691464424133, 1.0871070623397827, 0.6316877007484436, 1.6353057622909546, 0.8098279237747192, 0.7412042617797852, 0.884579062461853, 0.9644310474395752, 0.6280497908592224, 0.7011124491691589, 1.0344263315200806, 1.0445805788040161, 0.9567656517028809, 0.6958630681037903, 0.6162757873535156, 0.925505518913269, 1.077775478363037, 0.827899694442749, 1.2430025339126587, 0.920769453048706, 0.961188554763794, 0.8961633443832397, 0.8533570170402527, 1.017286777496338, 0.8998541831970215, 0.9780037999153137, 1.0184074640274048, 0.9877063035964966, 0.8905554413795471, 0.9482139945030212, 0.7835865020751953, 0.8925626277923584, 0.8177745938301086, 0.673943042755127, 0.6090697646141052, 0.654880940914154, 0.7031378746032715, 0.9488466382026672, 0.9219192266464233, 0.7022509574890137, 1.333702564239502, 0.5986797213554382, 0.7832641005516052, 0.6119778752326965, 0.9006378054618835, 0.5881763100624084, 0.7902436256408691, 0.7954068183898926, 0.8806300163269043, 0.5969055891036987, 0.7835202813148499, 1.1299303770065308, 0.5140036940574646, 0.6541100740432739, 0.6623062491416931, 0.41462376713752747, 0.7283533811569214, 0.6228784322738647, 0.7940430045127869, 1.032926321029663, 0.9032606482505798, 0.8870126605033875, 0.5138990879058838, 0.7612007260322571, 0.8855958580970764, 0.7741686701774597, 0.857684314250946, 0.6039794087409973, 0.7377467155456543, 0.734708845615387, 0.865906298160553, 0.6995246410369873, 0.848064124584198, 0.7050855755805969, 0.9941331744194031, 0.8159814476966858, 0.7953135967254639, 0.581568717956543, 1.10880446434021, 0.8461723327636719, 0.5665178298950195, 0.6788153648376465, 1.0545343160629272, 1.07870614528656, 0.7329204678535461, 0.882305383682251, 0.8023613691329956, 0.8552194237709045, 0.8056268095970154, 0.6715131402015686, 0.639428973197937, 0.5722243785858154, 0.7158709168434143, 0.8366072773933411, 1.117382287979126, 0.7054283022880554, 0.5383256077766418, 0.6606146693229675, 0.5047797560691833, 0.5536136031150818, 0.7775495648384094, 0.3619571626186371, 0.9482432007789612, 0.3316637873649597, 0.6964170932769775, 0.7256459593772888, 0.7211289405822754, 0.7966395616531372, 0.7986436486244202, 1.3482369184494019, 0.8244776129722595, 0.7664158940315247, 1.022292971611023, 0.7998582720756531, 0.7048344016075134, 0.842998206615448, 0.8401064872741699, 0.848106861114502, 0.8080762028694153, 0.9738448262214661, 0.5080891251564026, 0.902407705783844, 0.8892484903335571, 0.7707973718643188, 0.5918335914611816, 0.8401608467102051, 0.7763403654098511, 0.5109752416610718, 0.6835553050041199, 0.44337013363838196, 0.872404158115387, 0.49923714995384216, 0.6811266541481018, 0.4230678677558899, 1.144102692604065, 0.5824146270751953, 0.5839563608169556, 0.6034058332443237, 0.6185144186019897, 0.628545343875885, 0.9444550275802612, 0.7615960240364075, 0.5659748911857605, 0.6758487820625305, 0.6152343153953552, 0.6085835099220276, 0.8113164305686951, 0.5735965967178345, 0.700006902217865, 0.3867477476596832, 0.5047584176063538, 0.7791929841041565, 1.1223526000976562, 0.9284602999687195, 0.7318342328071594, 0.5765882134437561, 0.957858681678772, 1.0519195795059204, 0.6884234547615051, 0.5189378261566162, 0.8272456526756287, 0.723651647567749, 0.5569056272506714, 0.6715250611305237, 0.49621209502220154, 0.7388785481452942, 0.5619679093360901, 1.3254777193069458, 0.5256422758102417, 0.5664170384407043, 0.5798987150192261, 0.66116863489151, 0.6518622636795044, 0.7372984886169434, 0.6762933731079102, 0.42059141397476196, 0.5766206383705139, 0.4924118220806122, 0.6270849108695984, 0.5956830978393555, 0.6001219153404236, 0.5865891575813293, 0.5472425222396851, 0.45117220282554626, 0.7362396717071533, 0.8885912299156189, 0.5732643008232117, 0.5708821415901184, 0.7575479745864868, 0.513729453086853, 0.5820136666297913, 0.7047268152236938, 0.8456050753593445, 0.6325586438179016, 0.4608936011791229, 0.6785874962806702, 0.593591570854187, 0.39181312918663025, 0.8991532921791077, 0.7315245866775513, 0.5351673364639282, 0.6069809198379517, 0.9729926586151123, 0.6108598113059998, 0.736344575881958, 0.6546047925949097, 0.9642944931983948, 0.3764151930809021, 0.5137352347373962, 0.42275261878967285, 0.6445025205612183, 0.47880470752716064, 0.6702077388763428, 0.7516840100288391, 0.6089459657669067, 0.852132260799408, 0.7954984307289124, 1.1224185228347778, 0.6087762713432312, 0.2871084213256836, 0.380951464176178, 0.5354923009872437, 0.7891353368759155, 0.4039497971534729, 0.7734419703483582, 0.5782225131988525, 0.5192847847938538, 0.5921781063079834, 0.34222498536109924, 0.6028842926025391, 0.4112232029438019, 0.5468064546585083, 0.790195643901825, 0.4616682529449463, 0.8330151438713074, 0.556826651096344, 0.4545699954032898, 0.6631735563278198, 0.25089600682258606, 0.8277730345726013, 0.9204776287078857, 0.3575284779071808, 0.5294923186302185, 0.5105084180831909, 0.8417004346847534, 0.3824588358402252, 0.9553499221801758, 0.3835617005825043, 0.6197876334190369, 0.5576972961425781, 0.5651563405990601, 0.7091400027275085,