{"config": {"train_data_path": "data/train_data.jsonl", "validation_data_path": "data/validation_data.jsonl", "data_sample": 1, "pretrained_model": "bert-base-multilingual-cased", "max_len": 25, "batch_size": 16, "num_labels": 3, "learning_rate": 1e-05, "skip_training": false, "num_epochs": 3, "enable_cuda": true}, "loss": [1.047014594078064, 1.0038743019104004, 1.0989795923233032, 1.0342161655426025, 1.0862921476364136, 1.0451167821884155, 1.1002297401428223, 0.9344124794006348, 0.9548962712287903, 1.0476561784744263, 0.928744912147522, 0.9874303340911865, 0.8510282635688782, 1.0696680545806885, 0.9146483540534973, 1.0112556219100952, 0.9033910632133484, 0.935675323009491, 0.923039972782135, 0.812143862247467, 0.8814926147460938, 0.8479342460632324, 0.7173279523849487, 0.5277163982391357, 1.1699414253234863, 1.361413598060608, 1.160157561302185, 0.8501465916633606, 1.3793390989303589, 0.7997682094573975, 0.9935111403465271, 1.4370783567428589, 0.9158394932746887, 0.8622275590896606, 0.8941788077354431, 1.3372795581817627, 0.870911180973053, 0.8989133238792419, 0.7987727522850037, 1.0500162839889526, 0.9273121356964111, 0.871385395526886, 1.144941806793213, 0.9360499382019043, 0.787915825843811, 0.8447179198265076, 0.9728595018386841, 0.9341933727264404, 1.1295162439346313, 0.9447101950645447, 0.9597606062889099, 0.8770428895950317, 0.8964990973472595, 1.2347705364227295, 0.8917235732078552, 0.9255486726760864, 1.1491436958312988, 0.8145787119865417, 0.6736090779304504, 0.7019102573394775, 0.829319179058075, 0.7948598861694336, 0.9430187940597534, 0.7065727710723877, 0.7160672545433044, 1.0713499784469604, 0.8208775520324707, 0.7500770092010498, 1.2322691679000854, 0.9289808869361877, 0.9444135427474976, 0.8721137046813965, 1.3141977787017822, 0.9413776993751526, 1.2778987884521484, 0.8414475917816162, 0.8277538418769836, 0.8786388039588928, 1.041527509689331, 1.081620216369629, 0.9154425859451294, 0.9453774094581604, 0.9257091879844666, 0.986767590045929, 0.8345555663108826, 0.9859181046485901, 0.9135510325431824, 0.7909368276596069, 0.7563262581825256, 0.854462206363678, 1.3136272430419922, 1.0577372312545776, 0.8937151432037354, 0.729519784450531, 0.9084648489952087, 0.9297860860824585, 1.064835786819458, 1.218029260635376, 0.9676976799964905, 0.9361218810081482, 0.7834579944610596, 0.8708409070968628, 0.7626785039901733, 0.9975069165229797, 0.7709019184112549, 0.8224479556083679, 0.6379756927490234, 1.2183380126953125, 0.9946689605712891, 0.7574136853218079, 0.9326163530349731, 0.7523782849311829, 0.8031203150749207, 1.0403913259506226, 0.845572292804718, 0.7584080100059509, 0.9479623436927795, 0.9741432666778564, 1.131131649017334, 1.013006567955017, 0.9651495814323425, 0.8518441319465637, 0.9511089324951172, 0.8230048418045044, 0.8122537732124329, 0.8277909159660339, 0.9891279935836792, 0.8877670764923096, 0.8616159558296204, 0.7128655314445496, 0.8932916522026062, 0.8957802057266235, 0.7791039943695068, 0.8406355381011963, 0.7160107493400574, 1.0878432989120483, 0.8316825032234192, 0.9252477884292603, 0.6507602334022522, 0.8782678842544556, 0.8017115592956543, 0.613365650177002, 0.6795051097869873, 1.0422837734222412, 0.6907246112823486, 0.7391562461853027, 0.8383211493492126, 0.6678597927093506, 0.7427161335945129, 0.563754677772522, 0.650050699710846, 0.6461223363876343, 0.8401076197624207, 0.49037957191467285, 0.6417158842086792, 0.6816996335983276, 0.8583348393440247, 0.5419604182243347, 0.6160963773727417, 0.6145831346511841, 0.42763790488243103, 0.60237056016922, 0.8363998532295227, 0.5961780548095703, 0.5513185858726501, 0.7916664481163025, 0.7497950196266174, 1.0003622770309448, 0.38835063576698303, 0.7637537121772766, 0.551001787185669, 0.8308804035186768, 0.8927285671234131, 0.39582833647727966, 0.9122663140296936, 0.6673403978347778, 0.6610508561134338, 0.624554455280304, 0.5614488124847412, 0.49878427386283875, 0.7360140085220337, 0.8501575589179993, 0.4294275939464569, 0.5667209029197693, 0.4855825901031494, 0.42669162154197693, 0.6722635626792908, 0.7917540073394775, 0.587022602558136, 0.6597611308097839, 0.703363299369812, 0.518978476524353, 0.46805036067962646, 0.6943948268890381, 0.7070873975753784, 0.7471228241920471, 0.5815466046333313, 0.47775834798812866, 0.5218261480331421, 0.4756588935852051, 0.7961692810058594, 1.086411476135254, 0.752446711063385, 0.5748569369316101, 0.5856296420097351, 0.7160351276397705, 0.8285618424415588, 0.48550689220428467, 0.8382063508033752, 0.5782994031906128, 0.975457489490509, 0.5644540786743164, 0.4481186270713806, 0.4439217448234558, 0.6272079944610596, 0.5149025917053223, 0.8200052976608276, 0.7007630467414856, 0.4413394033908844, 0.48851534724235535, 0.2066131830215454, 0.6791039109230042, 0.32492196559906006, 0.6951301693916321, 0.3674578368663788, 0.2716532349586487, 0.7310380339622498, 0.5574626922607422, 0.641483724117279, 0.6472510099411011, 0.7204099893569946, 0.35295939445495605, 0.5675148963928223, 0.8089088797569275, 0.6421288847923279, 0.5623218417167664, 0.352632075548172, 0.6083916425704956, 0.7225905656814575, 0.6617320775985718, 0.3883443772792816, 0.8327486515045166, 0.3069264590740204, 0.35513100028038025, 0.5919238328933716, 0.5448787212371826, 0.6421030759811401, 0.3923524022102356, 0.5340921878814697, 0.8443106412887573, 0.6169989705085754, 0.5446006059646606, 0.4812573492527008, 0.7005194425582886, 0.6707051992416382, 0.418111652135849, 0.6265943646430969, 0.5291812419891357, 0.4880222976207733, 0.580843448638916, 0.6466184854507446, 0.7912562489509583, 0.25889652967453003, 0.7652149796485901, 0.5106674432754517, 0.4785664677619934, 0.4327549636363983, 0.6865030527114868, 0.7312580347061157, 0.4738718569278717, 0.5433348417282104, 0.3830629885196686, 0.501413881778717, 0.34197577834129333, 0.49858832359313965, 0.5168532729148865, 0.2768845856189728, 0.6825197339057922, 0.45760372281074524, 0.5122331976890564, 0.6096978783607483, 0.6568471193313599, 0.20783670246601105, 0.4624336063861847, 0.241178497672081, 0.6111461520195007, 0.41386523842811584, 0.3845904469490051, 0.5757860541343689, 0.3026084005832672, 0.5367380976676941, 0.3716702461242676, 0.26615533232688904, 0.5142145752906799, 0.28807947039604187, 0.3365902304649353, 0.6661909818649292, 0.40599435567855835, 0.5665102005004883, 0.2627849578857422, 0.26675382256507874, 0.42370158433914185, 0.5102801322937012, 0.7940022945404053, 0.25523021817207336, 0.6003185510635376, 0.6620000600814819, 0.31794142723083496, 0.3059666156768799, 0.2022939771413803, 0.41335567831993103, 0.35189735889434814, 0.25707805156707764, 0.2573113739490509, 0.22218860685825348, 0.5798910856246948, 0.5693588256835938, 0.520496129989624, 0.39388638734817505, 0.3015165328979492, 0.5771737098693848, 0.4470192790031433, 0.3167194426059723, 1.0217649936676025, 0.3042769432067871, 0.19539405405521393, 0.43467801809310913, 0.6394652724266052, 0.2879602909088135, 0.9110767245292664, 0.4943838119506836, 0.24633538722991943, 0.4406178891658783, 0.2966877818107605, 0.32820743322372437, 0.6439728140830994, 0.9473793506622314, 0.3001444339752197, 0.42004916071891785, 0.2711789309978485, 0.33352866768836975, 0.3167167901992798, 0.32650333642959595, 0.4154832065105438, 0.23104369640350342, 0.4974757432937622, 0.4263155162334442, 0.3927033245563507, 0.27840131521224976, 0.2908701002597809, 0.38614943623542786, 0.3119747042655945, 0.3699837327003479, 0.2675285041332245, 0.3973223567008972, 0.8617547154426575, 0.35500460863113403, 0.4785746932029724, 0.20554956793785095, 0.29799899458885193, 0.30932921171188354, 0.588698148727417, 0.4010047912597656, 0.4139954447746277, 0.24072988331317902, 0.4252918064594269, 0.3106328248977661, 0.29350757598876953, 0.344962477684021, 1.0198876857757568, 0.39794522523880005, 0.33769118785858154, 0.3960665464401245, 0.2781434953212738, 0.41427531838417053, 0.4409797787666321, 0.6465783715248108, 0.4323176443576813, 0.3101339042186737, 0.3635660409927368, 0.5653890371322632, 0.1897962987422943, 0.31701359152793884, 