{"config": {"train_data_path": "data/train_data_shuffled.jsonl", "validation_data_path": "data/validation_data_shuffled.jsonl", "data_sample": 1, "pretrained_model": "bert-base-multilingual-cased", "max_len": 250, "batch_size": 16, "num_labels": 3, "learning_rate": 1e-05, "skip_training": false, "num_epochs": 3, "enable_cuda": true}, "loss": [1.183566689491272, 1.1760228872299194, 1.1709074974060059, 1.1748254299163818, 1.1436991691589355, 1.0818687677383423, 1.1839090585708618, 1.1299917697906494, 1.1607344150543213, 1.1372697353363037, 1.1370989084243774, 1.1237092018127441, 1.0886657238006592, 1.0533748865127563, 1.0751104354858398, 1.023144006729126, 1.0001879930496216, 0.9908896684646606, 0.8747730255126953, 0.9736120104789734, 0.9695315957069397, 0.9731855392456055, 0.714580237865448, 0.9491314888000488, 0.8099557161331177, 0.9053664207458496, 0.9228234887123108, 0.9498332142829895, 1.0849701166152954, 0.9644375443458557, 1.0222684144973755, 1.029462218284607, 0.9734517931938171, 0.9387059211730957, 0.903907060623169, 1.1116114854812622, 0.9417536854743958, 0.9279617071151733, 0.8565642833709717, 1.2551906108856201, 0.9666059613227844, 0.9217474460601807, 0.8375269770622253, 0.86842942237854, 1.0505810976028442, 0.8641636967658997, 0.8273235559463501, 0.8471646904945374, 1.0412148237228394, 1.0336028337478638, 0.8315568566322327, 0.8131847381591797, 0.9045584797859192, 0.7840104699134827, 1.0464457273483276, 0.7319587469100952, 1.0132110118865967, 1.2598379850387573, 0.6960745453834534, 0.8387532830238342, 0.9985812902450562, 0.8878911733627319, 1.0961335897445679, 0.9968457818031311, 0.9228689670562744, 0.9339901208877563, 1.0232656002044678, 1.2581071853637695, 0.9383106827735901, 0.8868478536605835, 1.207362174987793, 1.0366915464401245, 0.9552451372146606, 1.0147260427474976, 0.7829711437225342, 1.047370433807373, 0.9418738484382629, 0.9886972904205322, 1.1634005308151245, 1.1599581241607666, 0.9998266100883484, 0.987910270690918, 0.9610060453414917, 0.9161290526390076, 0.829761803150177, 0.794858455657959, 0.8249500393867493, 0.9683967232704163, 0.7871600985527039, 0.74285489320755, 0.9875394701957703, 0.80584716796875, 0.8312991857528687, 1.8007776737213135, 0.8284516334533691, 1.0219320058822632, 0.7518501281738281, 0.8645426630973816, 0.8686200976371765, 1.0372048616409302, 0.8547422885894775, 1.1369273662567139, 1.3222485780715942, 0.9410176873207092, 0.8156754374504089, 1.0265648365020752, 0.859955370426178, 1.0557397603988647, 1.0923446416854858, 1.0311532020568848, 0.8811153173446655, 0.9574257731437683, 0.9672176837921143, 1.029892086982727, 0.9267249703407288, 0.7946974039077759, 0.8948090672492981, 0.8767030835151672, 0.7674943804740906, 0.8746920824050903, 0.9692970514297485, 1.0289233922958374, 0.9291843175888062, 0.8686397075653076, 0.9542605876922607, 0.7987467050552368, 1.2202478647232056, 1.130661129951477, 0.7174698710441589, 0.7910462617874146, 1.0299351215362549, 0.8098059296607971, 1.0521727800369263, 0.7863522171974182, 0.9944446086883545, 0.9390846490859985, 0.7540053725242615, 1.0579638481140137, 1.0028165578842163, 0.792701005935669, 0.7061575651168823, 0.9569892287254333, 0.8031424283981323, 0.9177667498588562, 1.0445375442504883, 1.040886402130127, 0.789889395236969, 0.8893653750419617, 0.9649050831794739, 0.742955207824707, 0.79896080493927, 1.0509027242660522, 0.7013430595397949, 1.0391716957092285, 0.8523421287536621, 1.051615595817566, 1.0265586376190186, 0.8103882670402527, 0.9033048152923584, 0.8017546534538269, 0.65590500831604, 1.1115928888320923, 0.8048579692840576, 1.3205392360687256, 0.9528082013130188, 0.8687341213226318, 0.8823745846748352, 0.7721370458602905, 0.8185064792633057, 0.75139981508255, 0.8571920990943909, 0.8356513381004333, 0.9132158160209656, 0.9782668352127075, 1.093027949333191, 0.9827734231948853, 0.7107227444648743, 1.0732824802398682, 0.7466652393341064, 0.6933048367500305, 0.9990369081497192, 0.7962750792503357, 0.8610016107559204, 0.8679696917533875, 0.8491596579551697, 0.7744925618171692, 0.7051143646240234, 0.6975247859954834, 0.8194022178649902, 0.7821317315101624, 0.7868719696998596, 0.8896540999412537, 1.0383588075637817, 0.7557113766670227, 1.3126217126846313, 0.6748030185699463, 0.9433725476264954, 0.7708628177642822, 0.844582200050354, 0.8779986500740051, 0.9750922918319702, 0.8561859726905823, 0.7822211980819702, 0.6739957332611084, 0.8820773363113403, 0.9895161986351013, 0.820565402507782, 0.7943560481071472, 1.0016263723373413, 0.8561244606971741, 0.6730907559394836, 1.226971983909607, 1.3709169626235962, 0.9026246070861816, 0.6591230630874634, 1.0134409666061401, 1.598617434501648, 1.0206743478775024, 1.1490867137908936, 0.8481870889663696, 1.0439926385879517, 0.9765983819961548, 0.9081444144248962, 1.0868300199508667, 1.1249823570251465, 0.9082745909690857, 0.8962664008140564, 0.8263466358184814, 0.804861307144165, 1.101761817932129, 0.6914548873901367, 1.0327012538909912, 0.8581973314285278, 0.795477569103241, 1.0616093873977661, 0.90883868932724, 0.8385924100875854, 0.9001827836036682, 0.847509503364563, 0.9624688029289246, 0.9530641436576843, 1.1081876754760742, 0.7488723397254944, 0.6188834309577942, 0.5789757966995239, 0.9684852361679077, 1.2703287601470947, 0.8924124240875244, 1.0321362018585205, 1.0079619884490967, 0.7949984669685364, 0.7617648839950562, 0.9127172231674194, 0.5387948155403137, 0.6469954252243042, 0.7653244137763977, 1.012177586555481, 0.6714938879013062, 0.940544068813324, 0.8886861205101013, 0.8217467069625854, 0.6197369694709778, 0.8879320025444031, 0.96875, 0.6306638121604919, 0.907095193862915, 0.963460385799408, 1.0294219255447388, 0.5677639842033386, 0.9700332880020142, 0.6471163034439087, 0.7873954176902771, 0.8791571259498596, 0.8398958444595337, 0.7420334219932556, 0.7685985565185547, 0.46086108684539795, 0.5997669696807861, 1.2515560388565063, 0.7471342086791992, 1.0730853080749512, 0.6592234373092651, 1.0325242280960083, 0.9579509496688843, 0.6239908337593079, 0.9848553538322449, 0.9943847060203552, 0.6571642160415649, 0.5672615766525269, 1.1879628896713257, 0.7061049342155457, 0.9064546227455139, 1.0663002729415894, 0.8681294918060303, 0.7898454070091248, 0.6166818141937256, 0.6911265254020691, 0.6985816955566406, 0.7149928212165833, 0.8200757503509521, 0.7627728581428528, 0.5966998338699341, 0.8923359513282776, 0.7501607537269592, 0.5982781052589417, 0.5104088187217712, 0.6867294907569885, 0.7176628708839417, 0.5548122525215149, 0.6034501194953918, 0.5285376906394958, 0.6282029151916504, 0.8646870255470276, 0.631271481513977, 0.4835452735424042, 0.8771577477455139, 0.4330138862133026, 0.5063983798027039, 0.6091037392616272, 0.7124302983283997, 0.4817780554294586, 0.3888435661792755, 0.7416693568229675, 0.6332261562347412, 0.2402661144733429, 0.4612477719783783, 0.6478142142295837, 0.7989716529846191, 0.5114481449127197, 0.4703015983104706, 0.749885618686676, 1.200846552848816, 0.4220484793186188, 0.9878098368644714, 0.4698261022567749, 0.3313378095626831, 0.477031946182251, 1.3109712600708008, 0.5133647918701172, 0.5493783950805664, 0.6696323752403259, 0.7152948975563049, 0.33388593792915344, 0.5228614807128906, 0.4629093110561371, 0.6905343532562256, 0.39889058470726013, 0.5653800368309021, 0.3033105432987213, 0.7627418637275696, 0.517302930355072, 0.3467937707901001, 0.5126796364784241, 0.23580028116703033, 0.4402954578399658, 0.48553213477134705, 0.5080453753471375, 0.5613575577735901, 0.5281792283058167, 0.34907597303390503, 0.6747837662696838, 0.38841715455055237, 0.754801869392395, 0.453629732131958, 0.6394811868667603, 0.36207059025764465, 0.37087342143058777, 0.5448365807533264, 0.975433886051178, 0.40840259194374084, 0.519579291343689, 0.3376806974411011, 0.7794607281684875, 0.3566954731941223, 0.3879142105579376, 0.5959967374801636, 0.5960898995399475, 0.7701228260993958, 0.5941648483276367, 0.3297232687473297, 0.383982390165329, 0.40041255950927734, 0.30834445357322693, 0.4639544188976288, 0.5376936793327332, 