{"config": {"train_data_path": "data/train_data_random_labels_10percent.jsonl", "validation_data_path": "data/validation_random_labels_10percent.jsonl", "data_sample": 1, "pretrained_model": "bert-base-multilingual-cased", "max_len": 250, "batch_size": 16, "num_labels": 3, "learning_rate": 1e-05, "skip_training": false, "num_epochs": 3, "enable_cuda": true}, "loss": [1.1403144598007202, 1.1063090562820435, 1.184678554534912, 1.1440372467041016, 1.1791237592697144, 1.1458371877670288, 1.1326889991760254, 1.1156376600265503, 1.116225242614746, 1.0987802743911743, 1.0769404172897339, 1.0218334197998047, 1.0224237442016602, 0.986545741558075, 1.1040279865264893, 1.0525389909744263, 0.9671604037284851, 0.9825738668441772, 0.9200597405433655, 0.9516744017601013, 1.018208384513855, 0.8978611826896667, 1.2516652345657349, 0.9548913836479187, 0.8982933163642883, 0.8747570514678955, 0.8017907738685608, 0.9779869914054871, 0.6321865916252136, 1.3546559810638428, 0.8719913959503174, 0.9478110671043396, 1.073885202407837, 1.029576301574707, 0.6468297839164734, 1.0096855163574219, 1.1298576593399048, 1.08955979347229, 0.7906978130340576, 0.8218093514442444, 0.9046529531478882, 0.8136729001998901, 1.0616627931594849, 0.7729652523994446, 0.9341480135917664, 0.7404667139053345, 0.865408718585968, 1.1367650032043457, 0.9118958115577698, 0.8362011909484863, 0.7846618890762329, 0.8813282251358032, 0.9102383852005005, 0.9381811022758484, 1.3348631858825684, 1.2705702781677246, 0.8479148149490356, 0.7942851781845093, 0.8499908447265625, 0.826614499092102, 0.9796894788742065, 0.733108639717102, 0.7368752360343933, 0.6437544822692871, 0.682805597782135, 0.8553251624107361, 0.9264042377471924, 0.7431938648223877, 0.7970835566520691, 0.8896684646606445, 0.6258874535560608, 0.8250178098678589, 0.6667658090591431, 0.734735369682312, 0.8550916910171509, 0.5740693807601929, 0.7072301506996155, 0.7936526536941528, 0.899255633354187, 0.7652570009231567, 0.8921322226524353, 1.4786303043365479, 1.145216464996338, 1.0535997152328491, 0.9522552490234375, 0.9668264389038086, 0.8910506963729858, 0.9931955337524414, 0.8945192098617554, 1.1173043251037598, 0.8773335814476013, 0.6914903521537781, 1.0165208578109741, 1.200608491897583, 0.6536838412284851, 0.73053377866745, 0.7623209953308105, 0.7664247751235962, 0.6967031955718994, 0.6228587031364441, 0.5938247442245483, 0.749597430229187, 0.6629393100738525, 0.8268640041351318, 1.0070528984069824, 0.7756112217903137, 0.5360621809959412, 0.8727179765701294, 0.8595837354660034, 0.7265440821647644, 0.4377392530441284, 0.6064161658287048, 0.8183176517486572, 0.8727672100067139, 0.6079407930374146, 0.5999153852462769, 1.2111880779266357, 0.6832643151283264, 0.6819828152656555, 0.5919330716133118, 0.6706528663635254, 0.5047522783279419, 0.7896495461463928, 0.8793820738792419, 0.580283522605896, 0.37444162368774414, 0.714385986328125, 0.7968275547027588, 0.7462053298950195, 0.5766420364379883, 0.45581114292144775, 0.86778324842453, 0.49467146396636963, 0.8373039364814758, 0.47742462158203125, 0.483553409576416, 0.6855117082595825, 0.48463788628578186, 0.6284103393554688, 0.38628917932510376, 0.6828665137290955, 0.713600218296051, 0.6247000098228455, 0.5193272233009338, 0.5648965239524841, 0.6129536032676697, 0.6291952133178711, 0.38720664381980896, 0.7810088992118835, 0.2985022962093353, 0.5694057941436768, 0.47770705819129944, 0.6046436429023743, 0.8261802792549133, 0.9077042937278748, 0.7745965719223022, 0.3965036869049072, 0.48752596974372864, 0.5480443239212036, 0.5083169341087341, 0.7292487025260925, 0.6955042481422424, 0.5566923022270203, 0.3787074387073517, 0.38011014461517334, 0.3328006863594055, 0.4569120407104492, 0.9164171814918518, 0.5153878331184387, 0.44251132011413574, 0.4916376769542694, 0.5346818566322327, 0.8005890846252441, 0.335547536611557, 0.7011576294898987, 0.8326309323310852, 0.3962189853191376, 0.37316039204597473, 0.13454937934875488, 0.45487895607948303, 0.5995065569877625, 0.6785701513290405, 0.43159595131874084, 0.4778133034706116, 0.6972456574440002, 0.3174344599246979, 0.2930460572242737, 0.3291323184967041, 0.5726077556610107, 0.7647389769554138, 0.16558369994163513, 0.46898725628852844, 0.3989602029323578, 0.8800820708274841, 0.5360201001167297, 0.8653441667556763, 0.4969041645526886, 0.6704146265983582, 0.3393964469432831, 0.5331135392189026, 0.5269318222999573, 0.32101452350616455, 0.554063618183136, 0.4268019497394562, 0.36421772837638855, 0.472433477640152, 0.42070192098617554, 0.38547638058662415, 0.27132272720336914, 0.3399609327316284, 0.4542403817176819, 0.39272841811180115, 0.15828236937522888, 0.5733251571655273, 0.3895564079284668, 0.16027037799358368, 0.10040568560361862, 0.3727995753288269, 0.32501542568206787, 0.32746240496635437, 0.2676583528518677, 0.333459734916687, 0.29779210686683655, 0.375022828578949, 0.22242386639118195, 0.373725563287735, 0.5226028561592102, 0.5244925618171692, 0.3614419400691986, 0.6068528890609741, 0.3292522728443146, 0.4094558656215668, 0.23556123673915863, 0.36026033759117126, 0.346406489610672, 0.1916321963071823, 0.30717846751213074, 0.23124031722545624, 0.22498677670955658, 0.2872675061225891, 0.2504252791404724, 0.5165503621101379, 0.41361862421035767, 0.18422408401966095, 0.21745745837688446, 0.14864414930343628, 0.4121686816215515, 0.21753773093223572, 0.30471792817115784, 0.6381128430366516, 0.30331966280937195, 0.3150671124458313, 0.516189455986023, 0.4894372224807739, 0.2534436285495758, 0.19274300336837769, 0.15678466856479645, 0.31262949109077454, 0.32962751388549805, 0.11475464701652527, 0.35360288619995117, 0.31927239894866943, 0.35971957445144653, 0.5670146942138672, 0.23343059420585632, 0.09880319982767105, 0.4547628164291382, 0.7820606827735901, 0.4444848597049713, 0.39025163650512695, 0.37860816717147827, 0.38497239351272583, 0.2747441828250885, 0.27029791474342346, 0.20857834815979004, 0.22734549641609192, 0.13584361970424652, 0.3605397641658783, 0.6258894205093384, 0.26927512884140015, 0.27032026648521423, 0.1811545342206955, 0.08155171573162079, 0.1839977353811264, 0.1145453155040741, 0.222600519657135, 0.19236767292022705, 0.07521950453519821, 0.29927384853363037, 0.11733455210924149, 0.3382372558116913, 0.4204960763454437, 0.36923280358314514, 0.542169988155365, 0.16295112669467926, 0.21800073981285095, 0.12700971961021423, 0.18555912375450134, 0.7407543063163757, 0.6343604326248169, 0.12036392837762833, 0.08822289109230042, 0.26692521572113037, 0.1632232815027237, 0.2224598377943039, 0.169427290558815, 0.20514778792858124, 0.3119409680366516, 0.35743775963783264, 0.262429803609848, 0.18167270720005035, 0.13768678903579712, 0.07683443278074265, 0.21567097306251526, 0.0765300840139389, 0.27407583594322205, 0.07280539721250534, 0.21004006266593933, 0.06394235789775848, 0.13614904880523682, 0.10579144954681396, 0.3288723826408386, 0.15894027054309845, 0.1343879997730255, 0.2800264060497284, 0.1892216056585312, 0.2590388357639313, 0.051656804978847504, 0.22979359328746796, 0.1342526227235794, 0.082811139523983, 0.076456718146801, 0.26013419032096863, 0.06910331547260284, 0.20561346411705017, 0.7412487864494324, 0.13714171946048737, 0.11106947064399719, 0.25633102655410767, 0.0586547777056694, 0.12004031985998154, 0.06643685698509216, 0.1841227263212204, 0.668156087398529, 0.09523165225982666, 0.22544817626476288, 0.05430572107434273, 0.5273537635803223, 0.3542335331439972, 0.13739922642707825, 0.12056956440210342, 0.24826836585998535, 0.37254253029823303, 0.12573082745075226, 0.05114293098449707, 0.11147203296422958, 0.03900224715471268, 0.40694326162338257, 0.20907416939735413, 0.13333368301391602, 0.07874857634305954, 0.12049806863069534, 0.2507210671901703, 0.12283243983983994, 0.669036865234375, 0.19535000622272491, 0.12854380905628204, 0.20893816649913788, 0.30372294783592224, 0.17604799568653107, 0.22796769440174103, 0.06818308681249619, 0.08133287727832794, 0.06694865971803665, 0.3963049352169037, 0.17974476516246796, 0.06872792541980743, 