{"config": {"train_data_path": "data/train_data.jsonl", "validation_data_path": "data/validation_data.jsonl", "data_sample": 1, "pretrained_model": "bert-base-multilingual-cased", "max_len": 75, "batch_size": 16, "num_labels": 3, "learning_rate": 1e-05, "skip_training": false, "num_epochs": 3, "enable_cuda": true}, "loss": [1.1384881734848022, 1.1504703760147095, 1.066812515258789, 1.103914499282837, 1.0654206275939941, 1.0706652402877808, 1.0405733585357666, 1.0888607501983643, 0.9938153624534607, 1.094980239868164, 1.0604993104934692, 1.0620571374893188, 1.033471941947937, 1.0339480638504028, 1.007875919342041, 1.0465807914733887, 0.9157983660697937, 0.9747124910354614, 0.9010788202285767, 0.8139224052429199, 0.8817416429519653, 0.863950252532959, 1.1139538288116455, 0.923191249370575, 0.9751020073890686, 0.8913180828094482, 1.1120598316192627, 0.8526808619499207, 1.0972280502319336, 0.9402182102203369, 0.8891341686248779, 0.9794260859489441, 0.866100013256073, 0.8029714822769165, 0.7297999262809753, 1.070405125617981, 0.8991782665252686, 1.016615867614746, 1.043243169784546, 0.8145762085914612, 0.9874467849731445, 0.8116267323493958, 1.244170069694519, 0.736355185508728, 0.8286792635917664, 1.0021682977676392, 0.780272364616394, 1.016329050064087, 1.0178215503692627, 1.008318543434143, 0.7575475573539734, 0.8857122659683228, 0.9073329567909241, 0.791249692440033, 0.9938873648643494, 0.6855118870735168, 0.8139633536338806, 0.700256884098053, 0.8989108204841614, 0.9838637113571167, 0.9171762466430664, 0.8777307868003845, 0.5973496437072754, 0.8631917238235474, 1.052441954612732, 0.822782576084137, 0.6463993787765503, 0.863257646560669, 0.9109726548194885, 0.7372850775718689, 0.7618109583854675, 0.6558516025543213, 0.7191919684410095, 0.8516702651977539, 0.6655674576759338, 0.7315477728843689, 0.6883996725082397, 0.8668832778930664, 0.9075313806533813, 0.7447682023048401, 1.0656195878982544, 0.991085410118103, 0.8767995238304138, 1.0132614374160767, 0.9358214139938354, 1.130130410194397, 1.0533417463302612, 0.8783763647079468, 0.6917158961296082, 0.6910795569419861, 0.8971315622329712, 0.9222490787506104, 1.0284616947174072, 0.8041711449623108, 0.8168938159942627, 0.788874626159668, 0.9470076560974121, 1.2244713306427002, 1.2147120237350464, 0.6723970174789429, 0.8996306657791138, 1.136857271194458, 0.8019917607307434, 1.0371501445770264, 0.8309997320175171, 0.8494366407394409, 0.8596727848052979, 0.9369637370109558, 0.9192913174629211, 0.796165406703949, 0.6355183124542236, 0.7900395393371582, 0.9595112800598145, 0.9372884035110474, 0.6600387096405029, 0.7490876317024231, 0.5606980323791504, 0.674727201461792, 0.7602931261062622, 0.6189470887184143, 1.0160311460494995, 0.9898054003715515, 0.6756112575531006, 0.8166425824165344, 0.9345210790634155, 0.6976008415222168, 0.47952523827552795, 0.6929519176483154, 0.7423328757286072, 0.5090649724006653, 1.1595885753631592, 0.4692821204662323, 0.7503061890602112, 0.8444687128067017, 0.9138045310974121, 0.9740110635757446, 0.5775918960571289, 0.5499706268310547, 0.41466858983039856, 0.7803255319595337, 0.5050310492515564, 0.4356110394001007, 0.44323304295539856, 0.5283787250518799, 0.4784080684185028, 0.46681323647499084, 1.3610748052597046, 0.7739472389221191, 0.7467359900474548, 0.5482690930366516, 0.5752974152565002, 0.6536878347396851, 0.7493427991867065, 0.6826928853988647, 0.5509328246116638, 1.2386277914047241, 0.3793128728866577, 0.48434534668922424, 0.3764665722846985, 0.5899996161460876, 0.838670015335083, 0.28007403016090393, 0.6145215630531311, 0.32763081789016724, 0.5605581998825073, 0.668746292591095, 0.3825073540210724, 0.49842530488967896, 0.4103045165538788, 0.5567139387130737, 0.4294552206993103, 0.4679268002510071, 0.4990900754928589, 0.40153270959854126, 0.4367503821849823, 0.7880467772483826, 0.4404187500476837, 0.6741443276405334, 0.5968127250671387, 0.6322780847549438, 0.633587658405304, 0.3549635112285614, 0.33648690581321716, 0.5512810349464417, 0.35989218950271606, 0.34376418590545654, 0.41541337966918945, 0.38231104612350464, 0.7010461688041687, 0.36358651518821716, 0.31626519560813904, 0.5564827919006348, 0.4838450253009796, 0.2783609926700592, 0.46202632784843445, 0.4695301651954651, 0.5034307837486267, 0.43534380197525024, 0.761705219745636, 0.44496265053749084, 0.3386855125427246, 0.2606881558895111, 0.43828651309013367, 0.5089063048362732, 0.6775091290473938, 0.5044203996658325, 0.4367486834526062, 0.5042909979820251, 0.3182964622974396, 0.40168872475624084, 0.3086220622062683, 0.3511868417263031, 0.3574143946170807, 0.31135597825050354, 0.24073119461536407, 0.19402310252189636, 0.25493302941322327, 0.467408150434494, 0.4899728000164032, 0.2684103846549988, 0.16686315834522247, 0.2442314177751541, 0.354310542345047, 0.2607381343841553, 0.46211060881614685, 0.37779223918914795, 0.6422657370567322, 0.28893226385116577, 0.5984350442886353, 0.44098249077796936, 0.4748061001300812, 0.1325540840625763, 0.5585083365440369, 0.1881852000951767, 0.29751086235046387, 0.8049209117889404, 0.33690187335014343, 0.5167616009712219, 0.5423896312713623, 0.36256369948387146, 0.22177504003047943, 0.3943655490875244, 0.6338116526603699, 0.32685914635658264, 0.33512023091316223, 0.33508336544036865, 0.44682422280311584, 0.39975062012672424, 0.3143036961555481, 0.29560256004333496, 0.34648987650871277, 0.4652060568332672, 0.26422810554504395, 0.40256467461586, 0.4126523733139038, 0.15896372497081757, 0.3461221158504486, 0.2689436376094818, 0.6488321423530579, 0.14482687413692474, 0.30473724007606506, 0.3318944573402405, 0.23314347863197327, 0.31235554814338684, 0.07784408330917358, 0.607770562171936, 0.24740274250507355, 0.46611618995666504, 0.19250977039337158, 0.16820740699768066, 0.4369794726371765, 0.4806786775588989, 0.23086729645729065, 0.24001827836036682, 0.28383103013038635, 0.15948235988616943, 0.27355483174324036, 0.26587557792663574, 0.20395027101039886, 0.5295753479003906, 0.5104475021362305, 0.5952259302139282, 0.2217170000076294, 0.25995782017707825, 0.35012832283973694, 0.2441340982913971, 0.17910471558570862, 0.2351432889699936, 0.3779430091381073, 0.24128258228302002, 0.7537534832954407, 0.24422182142734528, 0.3213649094104767, 0.3825172185897827, 0.1782214641571045, 0.8161212801933289, 0.12303946912288666, 0.12676790356636047, 0.478774756193161, 0.19360433518886566, 0.3129027187824249, 0.2988588213920593, 0.369975209236145, 0.22298750281333923, 0.13726751506328583, 0.16732272505760193, 0.15618419647216797, 0.14575883746147156, 0.2824372947216034, 0.23058617115020752, 0.33179324865341187, 0.12121609598398209, 0.2780333161354065, 0.13169771432876587, 0.2463512420654297, 0.20784085988998413, 0.07823057472705841, 0.17164663970470428, 0.08434345573186874, 0.1651555895805359, 0.17865043878555298, 0.33364200592041016, 0.35898274183273315, 0.391643226146698, 0.9562380313873291, 0.21084415912628174, 0.22885501384735107, 0.16492359340190887, 0.1291981339454651, 0.15964660048484802, 0.07274770736694336, 0.10292395204305649, 0.12757959961891174, 0.15024924278259277, 0.3741490840911865, 0.1910007745027542, 0.08580409735441208, 0.21600112318992615, 0.3633756637573242, 0.3584391176700592, 0.15938541293144226, 0.09496051073074341, 0.33263200521469116, 0.05945592746138573, 0.08997827768325806, 0.3531082272529602, 0.2176314741373062, 0.7241467237472534, 0.1477070301771164, 0.19083067774772644, 0.10446003824472427, 0.3765764832496643, 0.16900227963924408, 0.1337197721004486, 0.3662751615047455, 0.07201673090457916, 0.05740457400679588, 0.07034824043512344, 0.24953827261924744, 0.08882901072502136, 0.17014475166797638, 0.09079427272081375, 0.21349592506885529, 0.10561679303646088, 0.0763770267367363, 0.3035821318626404, 0.07532428205013275, 0.12999852001667023, 0.36834967136383057, 0.2078891098499298, 0.19758522510528564, 0.2791524827480316, 0.4714096784591675, 0.2600337564945221, 0.10128801316022873, 0.11169840395450592, 0.17148521542549133, 0.11771788448095322, 0.24772945046424866, 