{"config": {"train_data_path": "data/train_data.jsonl", "validation_data_path": "data/validation_data.jsonl", "data_sample": 1, "pretrained_model": "bert-base-multilingual-cased", "max_len": 250, "batch_size": 16, "num_labels": 3, "learning_rate": 1e-05, "skip_training": false, "num_epochs": 3, "test_size": 0.1, "enable_cuda": true}, "loss": [1.1188955307006836, 1.0571705102920532, 1.0952154397964478, 1.0523685216903687, 1.0859556198120117, 1.0890873670578003, 1.088037133216858, 1.1420820951461792, 1.11137855052948, 1.016432523727417, 1.2377759218215942, 1.0795085430145264, 1.0702385902404785, 1.0527986288070679, 1.1267848014831543, 1.1087230443954468, 1.082890510559082, 1.163851261138916, 1.009787678718567, 1.0385185480117798, 0.9832517504692078, 1.0555181503295898, 1.1153779029846191, 0.9827578663825989, 1.034417748451233, 1.1618976593017578, 0.9903375506401062, 1.01814866065979, 0.9913820624351501, 0.9541102647781372, 0.9619557857513428, 1.0908015966415405, 1.0024625062942505, 1.0125631093978882, 1.0958733558654785, 0.9483327269554138, 1.05086088180542, 0.861741304397583, 1.060755968093872, 1.1986525058746338, 0.9521420001983643, 1.0290671586990356, 0.8513416647911072, 1.0502593517303467, 1.1045383214950562, 0.8930814862251282, 0.7780686020851135, 1.026408076286316, 0.973645806312561, 0.722133994102478, 0.7693678140640259, 1.1812586784362793, 0.7536764144897461, 0.9366014003753662, 0.9786387085914612, 0.8517426252365112, 0.9864134788513184, 0.8507129549980164, 1.111443042755127, 0.7986346483230591, 0.9602577686309814, 0.8095552921295166, 0.9990415573120117, 1.0722746849060059, 1.1634923219680786, 0.9950106739997864, 0.8104527592658997, 0.9289563298225403, 0.8826650381088257, 0.7989702224731445, 0.8864197134971619, 0.9817924499511719, 0.7874343395233154, 0.7693811655044556, 0.9128046035766602, 1.2469526529312134, 0.9646130204200745, 0.7509030699729919, 0.7530186176300049, 0.607886552810669, 1.142910361289978, 0.8323531746864319, 0.9837296009063721, 0.7848885655403137, 0.7064807415008545, 0.6845395565032959, 0.874743640422821, 1.1465622186660767, 1.1301498413085938, 0.8997638821601868, 0.8900495767593384, 0.670122504234314, 0.841698408126831, 1.0388538837432861, 0.8670310378074646, 1.0618727207183838, 1.0123835802078247, 1.0570446252822876, 0.8406503200531006, 0.8458863496780396, 1.0130131244659424, 0.8214094638824463, 0.6152136921882629, 0.8353869915008545, 0.8091268539428711, 0.8731173276901245, 0.8640389442443848, 0.8288542032241821, 0.8111687302589417, 0.5651346445083618, 0.6356946229934692, 0.7121797204017639, 0.8853697776794434, 0.6482996940612793, 0.9158352613449097, 0.6451436281204224, 1.070371150970459, 0.7968438863754272, 0.5957838296890259, 0.646418035030365, 0.5399324893951416, 0.5040440559387207, 0.5995869040489197, 0.8405346870422363, 0.7161982655525208, 0.5324141979217529, 0.7059131860733032, 0.7708929181098938, 0.5146355628967285, 0.6739398837089539, 0.5737229585647583, 0.9365118145942688, 0.9373997449874878, 0.7138926982879639, 0.6496283411979675, 0.5246084928512573, 0.5302208662033081, 0.5530472993850708, 0.5730897784233093, 0.7830725908279419, 0.6668375730514526, 0.47028669714927673, 0.7850669622421265, 0.48923632502555847, 0.7447221875190735, 0.7700504064559937, 0.4386591613292694, 0.7124928832054138, 0.5121319890022278, 0.4599907100200653, 0.43146541714668274, 0.4414318799972534, 0.44923388957977295, 0.5076442360877991, 0.35113561153411865, 0.8363412022590637, 0.3911891579627991, 0.5806552171707153, 0.5971503257751465, 0.7618136405944824, 0.7665334939956665, 0.6468355655670166, 0.2825314700603485, 0.7697391510009766, 0.3987962603569031, 0.4019770622253418, 0.5485181212425232, 0.7860516309738159, 0.3924459218978882, 0.36548417806625366, 0.4244910478591919, 0.6039331555366516, 0.6130984425544739, 0.4799248278141022, 0.3477495610713959, 0.4520936906337738, 0.4318161606788635, 0.3424767851829529, 0.6384903788566589, 0.27285236120224, 0.3123331367969513, 0.5882600545883179, 0.3426014184951782, 0.3851791024208069, 0.35594213008880615, 0.5534023642539978, 0.5348864793777466, 0.5783734917640686, 0.5127929449081421, 0.7232203483581543, 0.23804070055484772, 0.3228093087673187, 0.3710213899612427, 0.5582478046417236, 0.401751309633255, 0.5394224524497986, 0.2630953788757324, 0.4613461494445801, 0.20708955824375153, 0.3575986623764038, 0.6851838827133179, 0.4697587192058563, 0.6660059690475464, 0.37568360567092896, 0.6451473236083984, 0.5307904481887817, 0.8278805017471313, 0.8940245509147644, 0.24758213758468628, 0.2104768007993698, 0.36431676149368286, 0.3064839839935303, 0.1534426212310791, 0.7458367347717285, 0.34950897097587585, 0.18490368127822876, 0.4468633532524109, 0.24802255630493164, 0.47078555822372437, 0.3420969545841217, 0.3845030665397644, 0.40971803665161133, 0.3207869529724121, 0.45083341002464294, 0.4107322692871094, 0.9137723445892334, 0.4354744553565979, 0.35353314876556396, 0.3611866235733032, 0.42460212111473083, 0.3124316930770874, 0.29331737756729126, 0.5953952074050903, 0.5089044570922852, 0.1905832290649414, 0.35767820477485657, 0.3129464387893677, 0.33915218710899353, 0.508468508720398, 0.6499829292297363, 0.4151167869567871, 0.2725083827972412, 0.17240886390209198, 0.40398550033569336, 0.369198739528656, 0.9528777599334717, 0.5727500915527344, 0.6845033764839172, 0.5605870485305786, 0.4805653691291809, 0.3905654549598694, 0.5254223942756653, 0.4974285364151001, 0.5412722826004028, 0.21018649637699127, 0.7099432945251465, 0.6596454977989197, 0.2916630208492279, 0.5631332397460938, 0.5226185321807861, 0.18366223573684692, 0.62736976146698, 0.4035071134567261, 0.3981044590473175, 0.11760754138231277, 0.40080171823501587, 0.26065266132354736, 0.3461664319038391, 0.2058762162923813, 0.41786348819732666, 0.24025225639343262, 0.27398431301116943, 0.28542211651802063, 0.4454793334007263, 0.13105402886867523, 0.1336793601512909, 0.16346490383148193, 0.1838616579771042, 0.09041717648506165, 0.7387710809707642, 0.36066532135009766, 0.42468810081481934, 0.7617746591567993, 0.34760549664497375, 0.6493654251098633, 0.37459930777549744, 0.22578832507133484, 0.34566745162010193, 0.4052712321281433, 0.29497379064559937, 0.3410193920135498, 0.13089993596076965, 0.267963171005249, 0.46216410398483276, 0.3896978497505188, 0.7878523468971252, 0.19049488008022308, 0.3236328959465027, 0.21509408950805664, 0.20854882895946503, 0.1380874365568161, 0.18813620507717133, 0.4193139970302582, 0.1019391417503357, 0.14415790140628815, 0.22654585540294647, 0.4582780599594116, 0.3058432340621948, 0.1920396238565445, 0.14019775390625, 0.14158891141414642, 0.29751893877983093, 0.3026421368122101, 0.32620328664779663, 0.39751899242401123, 0.0698828399181366, 0.10417178273200989, 0.08798427134752274, 0.16770562529563904, 0.08219444751739502, 0.3368071913719177, 0.2187776267528534, 0.08135168999433517, 0.05679246783256531, 0.32441049814224243, 0.41232454776763916, 0.2738702595233917, 0.5315150618553162, 0.06535033136606216, 0.2515772879123688, 0.2142339050769806, 0.22932535409927368, 0.2215845286846161, 0.07484327256679535, 0.2982879877090454, 0.2274768054485321, 0.0582142248749733, 0.050608329474925995, 0.0862433910369873, 0.25952059030532837, 0.22540947794914246, 0.13770578801631927, 0.0866367518901825, 0.08249951153993607, 0.7292858362197876, 0.09850262105464935, 0.15349747240543365, 0.29984599351882935, 0.09456206858158112, 0.20257508754730225, 0.23566126823425293, 0.057792238891124725, 0.10178069770336151, 0.22828489542007446, 0.2719035744667053, 0.09846217930316925, 0.10538104176521301, 0.08071184158325195, 0.06741680949926376, 0.17588238418102264, 0.17505863308906555, 0.33493611216545105, 0.06640120595693588, 0.1545320302248001, 0.07984999567270279, 0.2978961765766144, 0.042389802634716034, 0.18477170169353485, 0.051110200583934784, 0.2132224291563034, 0.34033048152923584, 0.08155887573957443, 0.24927307665348053, 0.044495150446891785, 0.31605952978134155, 0.09425129741430283, 0.45336875319480896, 0.4940392076969147, 0.3725891411304474, 