{"config": {"train_data_path": "data/train_data_replaced_content_words.jsonl", "validation_data_path": "data/validation_data_replaced_content_words.jsonl", "data_sample": 1, "pretrained_model": "bert-base-multilingual-cased", "max_len": 125, "batch_size": 16, "num_labels": 3, "learning_rate": 1e-05, "skip_training": false, "num_epochs": 3, "enable_cuda": true}, "loss": [1.158478021621704, 1.1022759675979614, 1.092650055885315, 1.1154998540878296, 1.082059621810913, 1.0439234972000122, 1.1380839347839355, 1.059660792350769, 1.1023399829864502, 1.0399640798568726, 1.0206900835037231, 1.0507482290267944, 1.1789369583129883, 0.9756316542625427, 1.02302885055542, 0.9674174785614014, 1.0180399417877197, 1.0052703619003296, 0.9695610404014587, 1.0726226568222046, 0.9853340983390808, 1.0708986520767212, 0.9342702627182007, 1.1478211879730225, 1.0372743606567383, 1.1796635389328003, 0.9932623505592346, 0.9611039161682129, 1.030036211013794, 0.8021813631057739, 0.7439350485801697, 1.0680447816848755, 0.7790475487709045, 1.1017743349075317, 0.97238689661026, 1.0161653757095337, 0.9622094631195068, 1.1447476148605347, 0.9763842821121216, 0.960343062877655, 0.8908767104148865, 0.91025710105896, 0.8384266495704651, 0.8910664916038513, 0.7670388221740723, 0.9927065372467041, 0.9160257577896118, 0.7613606452941895, 1.4632402658462524, 0.8035418391227722, 1.0776957273483276, 0.762273907661438, 0.9311128258705139, 1.0174329280853271, 0.9767606854438782, 0.8611811995506287, 1.0451291799545288, 1.0288348197937012, 0.8749061226844788, 0.9241732358932495, 0.951839029788971, 1.055907130241394, 0.8101832866668701, 0.7890989184379578, 0.9524388313293457, 0.6521605849266052, 0.8546222448348999, 1.1480083465576172, 0.731694757938385, 1.4021062850952148, 0.8423802256584167, 1.055821180343628, 1.0660258531570435, 1.0562396049499512, 0.9074819087982178, 0.9672247767448425, 0.8570153117179871, 1.0389351844787598, 0.8755300641059875, 0.8536997437477112, 0.9442643523216248, 0.8804921507835388, 0.9120221138000488, 1.1183785200119019, 1.0362392663955688, 1.1269025802612305, 0.9767754673957825, 0.8897132277488708, 0.6905319690704346, 0.7767807245254517, 0.8293419480323792, 1.032160997390747, 1.0468652248382568, 0.7751697301864624, 0.9618809223175049, 0.9443452954292297, 0.8280272483825684, 1.024741768836975, 0.6666384935379028, 1.0546802282333374, 1.1802006959915161, 0.7619994282722473, 0.8107737898826599, 0.9361346364021301, 1.086959958076477, 0.6844177842140198, 0.9138793349266052, 0.9893324971199036, 0.910334050655365, 0.9412266612052917, 0.7762174606323242, 0.73619544506073, 1.0516129732131958, 0.9199729561805725, 1.0691603422164917, 1.3244435787200928, 0.7552178502082825, 0.7804195284843445, 0.8900735974311829, 1.0553991794586182, 0.8618517518043518, 0.8731017708778381, 0.8918900489807129, 0.9283690452575684, 0.8111382722854614, 0.7974103689193726, 0.885373055934906, 0.7892327904701233, 1.3427436351776123, 1.1360572576522827, 0.9306413531303406, 1.040387511253357, 1.0221638679504395, 0.9461738467216492, 0.914294421672821, 0.8503823280334473, 0.9610427618026733, 0.9443956017494202, 0.979092538356781, 0.8959991931915283, 1.1063731908798218, 0.8914560675621033, 0.9908730387687683, 1.0361436605453491, 1.0604180097579956, 0.9917067289352417, 1.0662997961044312, 0.9337133765220642, 0.7005655169487, 0.7442479133605957, 0.7480151653289795, 0.8913350105285645, 0.9169354438781738, 0.690258800983429, 1.0894792079925537, 0.836522102355957, 0.672954797744751, 0.7026543021202087, 0.9988906979560852, 0.7722104787826538, 0.8340153694152832, 0.8788143396377563, 0.9780301451683044, 0.6556129455566406, 0.6915346384048462, 0.9604267477989197, 0.9685319662094116, 1.066290259361267, 0.8954154253005981, 0.8738666772842407, 0.7327544689178467, 0.9241885542869568, 1.5825608968734741, 0.8307700157165527, 0.8031831979751587, 0.8274132013320923, 1.0339946746826172, 1.1628339290618896, 0.9476244449615479, 1.1159884929656982, 1.0257954597473145, 0.8686019778251648, 0.7251749038696289, 0.6416364312171936, 0.8784103989601135, 0.7020134925842285, 0.9659863710403442, 0.9859902858734131, 0.6416460871696472, 0.44120243191719055, 0.8710335493087769, 0.6706463694572449, 0.7102369070053101, 0.7252779603004456, 0.9295735359191895, 0.7751374244689941, 0.9210214614868164, 0.8291595578193665, 0.7352743744850159, 1.0475232601165771, 0.7339980602264404, 0.624671995639801, 1.213897705078125, 0.8418598175048828, 0.44390469789505005, 0.9148658514022827, 0.701763391494751, 0.6633595824241638, 0.8526153564453125, 0.7006952166557312, 1.0018200874328613, 0.8009584546089172, 0.7709483504295349, 0.6099262237548828, 0.9633856415748596, 0.7845901846885681, 0.6699908375740051, 0.9271699786186218, 0.7066963911056519, 0.5600051879882812, 0.6251311898231506, 0.8228595852851868, 0.5828248858451843, 0.4076361060142517, 0.5222949385643005, 0.784438967704773, 0.9047480821609497, 0.7952877879142761, 0.7497404217720032, 0.7700414061546326, 0.48087024688720703, 0.5470260381698608, 0.49598509073257446, 0.3931238353252411, 0.6000896096229553, 0.6848849654197693, 0.9638083577156067, 0.8856743574142456, 0.545558750629425, 0.4166434109210968, 0.5524783134460449, 0.6618624329566956, 0.759994626045227, 0.8711761832237244, 0.7582165002822876, 0.6401973366737366, 0.9306535720825195, 0.7345077991485596, 0.8238958120346069, 0.6424668431282043, 0.46656161546707153, 0.5230777859687805, 0.6982302069664001, 0.48998984694480896, 0.3527962267398834, 0.7476444244384766, 0.5551306009292603, 0.46101486682891846, 0.4781639873981476, 0.3467767536640167, 0.30108675360679626, 0.6062084436416626, 0.39329081773757935, 0.5716150403022766, 0.47768548130989075, 0.6925344467163086, 0.4470645487308502, 0.31607586145401, 0.5360037684440613, 0.8623206615447998, 0.3891719579696655, 1.248120665550232, 0.8000134825706482, 0.7336251139640808, 0.7232629060745239, 0.9530696272850037, 0.17897775769233704, 0.7860165238380432, 0.6061290502548218, 0.45694828033447266, 0.31256556510925293, 0.6483854651451111, 0.7061664462089539, 0.5897098779678345, 0.39609062671661377, 0.3971724510192871, 0.7278609275817871, 0.5428821444511414, 0.37890487909317017, 0.4269653558731079, 0.4030001163482666, 1.049903392791748, 0.7552226185798645, 0.5031198263168335, 0.33484023809432983, 0.242727130651474, 0.9728666543960571, 0.6499791741371155, 0.6158407330513, 0.34228524565696716, 0.17718765139579773, 0.26078709959983826, 0.7948435544967651, 0.2463081330060959, 0.34762322902679443, 0.36185306310653687, 0.4731726348400116, 0.5021529793739319, 0.44779011607170105, 0.486486554145813, 0.3889920711517334, 0.49092236161231995, 0.32558751106262207, 0.8927831053733826, 0.2504095137119293, 0.6081641912460327, 0.3430456519126892, 0.5139665603637695, 0.3257044851779938, 0.744815468788147, 0.6159499883651733, 0.8175525665283203, 0.2004391998052597, 0.7019703984260559, 0.22474752366542816, 0.5254987478256226, 0.37797802686691284, 0.7166799902915955, 0.3079816699028015, 0.15111686289310455, 0.38525712490081787, 0.2784397304058075, 0.2848208546638489, 0.6586908102035522, 0.4889964759349823, 0.6764556169509888, 0.33111482858657837, 0.3465617597103119, 0.361461877822876, 0.2423194944858551, 0.5093108415603638, 0.38710203766822815, 0.5023667216300964, 0.503361701965332, 0.4898991584777832, 0.5278881192207336, 0.40866759419441223, 0.34222128987312317, 0.31372693181037903, 0.4096042215824127, 0.19955739378929138, 0.2753813862800598, 0.26333558559417725, 0.14514482021331787, 0.24336762726306915, 0.46641281247138977, 0.2410324364900589, 0.38234442472457886, 0.24119482934474945, 0.23408257961273193, 0.28340208530426025, 0.224832221865654, 0.3752072751522064, 0.5023378133773804, 0.4528098404407501, 0.17043769359588623, 0.3601128160953522, 0.2841812074184418, 0.4169176518917084, 0.3709453344345093, 0.35850322246551514, 0.4402603209018707, 1.0357897281646729, 0.5125875473022461, 0.26356983184814453, 0.3250494599342346, 0.1770988404750824, 0.23879528045654297, 0.5764178037643433, 0.35842370986938477, 0.229085311293602, 