{"config": {"train_data_path": "data/train_data.jsonl", "validation_data_path": "data/validation_data.jsonl", "data_sample": 1, "pretrained_model": "bert-base-multilingual-cased", "max_len": 125, "batch_size": 16, "num_labels": 3, "learning_rate": 1e-05, "skip_training": false, "num_epochs": 3, "enable_cuda": true}, "loss": [1.0197356939315796, 1.0159059762954712, 1.0719683170318604, 1.0306233167648315, 1.0283477306365967, 1.0141037702560425, 1.1209183931350708, 0.9719199538230896, 1.026151418685913, 1.0511595010757446, 1.1821348667144775, 0.9622949361801147, 1.057893991470337, 1.007148027420044, 0.8947126269340515, 0.9377343058586121, 0.9653078317642212, 0.8688501119613647, 0.9027051329612732, 0.9965558052062988, 0.9642295241355896, 0.9302894473075867, 0.9018074870109558, 1.1254321336746216, 0.9576613903045654, 0.8666985034942627, 0.8046289682388306, 0.8448377847671509, 0.9020270705223083, 1.095147967338562, 0.9607118964195251, 0.9317665100097656, 0.8704079985618591, 0.8576548099517822, 1.173416018486023, 0.8913900852203369, 1.0425328016281128, 1.0793113708496094, 1.1487410068511963, 0.9202612638473511, 1.0147289037704468, 1.1586247682571411, 0.8114942312240601, 0.8678737282752991, 0.9408080577850342, 0.8726657032966614, 1.0175024271011353, 1.119102120399475, 0.779377818107605, 0.7118757963180542, 1.0197890996932983, 1.0597127676010132, 1.0958421230316162, 1.1004756689071655, 0.8911827206611633, 0.8554291129112244, 0.949913740158081, 1.181411862373352, 1.0007798671722412, 1.0083764791488647, 0.9580632448196411, 0.6613703370094299, 1.0284801721572876, 0.849288284778595, 1.0156575441360474, 0.845003604888916, 1.0428948402404785, 1.1413501501083374, 0.9288548827171326, 1.048909068107605, 0.9420045018196106, 0.93721604347229, 0.9338385462760925, 0.9597739577293396, 0.9115976691246033, 0.9039130806922913, 1.0153496265411377, 0.9161180257797241, 0.7119057178497314, 1.0351555347442627, 1.1423001289367676, 1.2016048431396484, 0.9247273802757263, 0.9545094966888428, 0.8199385404586792, 0.7487233281135559, 0.7462636232376099, 1.1399654150009155, 0.9815518856048584, 0.7713973522186279, 0.8945971727371216, 0.6219639182090759, 1.2026445865631104, 1.017067790031433, 0.7527305483818054, 0.7474119663238525, 0.6918140053749084, 0.7118475437164307, 0.8324543833732605, 0.5436701774597168, 0.7213172316551208, 1.6970341205596924, 1.329283595085144, 1.09030020236969, 0.9951978325843811, 0.9505029320716858, 1.0334914922714233, 0.8955661058425903, 1.0394355058670044, 0.8071103096008301, 0.7316253781318665, 0.6943036913871765, 0.9866757392883301, 0.832663893699646, 1.1083004474639893, 1.1122006177902222, 0.9893851280212402, 0.6604649424552917, 0.8553482890129089, 0.7216805219650269, 0.8636137247085571, 0.65462726354599, 0.6779335141181946, 0.5095796585083008, 1.4181369543075562, 0.6010465621948242, 0.6827487349510193, 0.9048796892166138, 0.9926697015762329, 0.8826679587364197, 0.9375924468040466, 0.8628718256950378, 0.6759968400001526, 1.086584448814392, 0.6199426651000977, 1.2642062902450562, 0.7654486298561096, 0.8644776940345764, 0.702450692653656, 0.5911642909049988, 0.9121007919311523, 0.7446276545524597, 0.7766055464744568, 0.5941779017448425, 0.8356921076774597, 1.50296151638031, 0.8426201939582825, 0.7651588320732117, 0.6684067249298096, 0.6956027150154114, 0.559851884841919, 0.48927363753318787, 0.5080348253250122, 0.6798311471939087, 1.4879720211029053, 0.7035248875617981, 0.7771157622337341, 0.47014886140823364, 0.6064209938049316, 0.8346936106681824, 0.8163272738456726, 0.7060571312904358, 0.45870786905288696, 0.5153870582580566, 0.49881449341773987, 0.9203817248344421, 0.8563105463981628, 0.930707573890686, 0.44192999601364136, 0.7340028285980225, 0.6342325806617737, 0.7092363238334656, 0.9374106526374817, 0.4457838237285614, 0.6182264089584351, 0.527753472328186, 0.6230897903442383, 0.6824401617050171, 0.6605651378631592, 0.8490962386131287, 0.5919420123100281, 0.4040634334087372, 0.7028580904006958, 0.6591182351112366, 1.070664882659912, 0.7479763627052307, 0.3281833529472351, 0.6598811745643616, 0.5171341300010681, 0.5729244947433472, 0.5327571034431458, 0.4667465388774872, 0.5404617786407471, 0.7041310667991638, 0.7143616080284119, 0.7082269191741943, 0.6724838018417358, 0.5509864687919617, 0.6452816128730774, 0.6148695945739746, 0.5191749930381775, 0.5862361788749695, 0.5908346176147461, 0.8396578431129456, 0.6745235323905945, 0.8265653252601624, 0.5134232044219971, 0.6444563269615173, 0.7544986009597778, 0.8294468522071838, 0.6804812550544739, 0.6186895370483398, 1.3289127349853516, 1.0702815055847168, 0.7188246250152588, 0.46365559101104736, 0.5690197348594666, 0.7029927372932434, 0.6970553994178772, 0.5858559012413025, 0.6001116633415222, 0.45203688740730286, 0.5091368556022644, 0.38529467582702637, 0.58164381980896, 0.3106527626514435, 0.4639362692832947, 0.5061889886856079, 0.6104951500892639, 0.4593433439731598, 0.4889240860939026, 0.2258623093366623, 0.7462151050567627, 0.2935584485530853, 0.5470655560493469, 0.9059335589408875, 0.38475528359413147, 0.7136301398277283, 0.4567181468009949, 0.4514811933040619, 0.6925437450408936, 0.4699699282646179, 0.6778409481048584, 1.0109140872955322, 0.5653578639030457, 0.6698627471923828, 0.749002993106842, 0.5186819434165955, 0.9095332026481628, 0.46934959292411804, 0.6413893699645996, 0.5187368392944336, 0.4684852659702301, 0.2987305819988251, 0.42850157618522644, 0.39635998010635376, 0.4715409278869629, 0.7003349661827087, 0.39761942625045776, 0.362393319606781, 0.7507981061935425, 0.83982253074646, 0.7899978756904602, 0.4945210814476013, 0.7351589202880859, 0.4682648479938507, 0.9316907525062561, 0.6303319334983826, 0.3771105110645294, 0.568807065486908, 0.7126685976982117, 0.43765830993652344, 0.5669264197349548, 0.5061569213867188, 0.6726652383804321, 0.4196719527244568, 0.8501190543174744, 0.5382108092308044, 0.7538104057312012, 0.7437035441398621, 0.447537899017334, 0.44248583912849426, 0.4159351885318756, 0.4206516444683075, 0.44369399547576904, 0.2923835515975952, 0.5698505640029907, 0.876040518283844, 0.4330606758594513, 0.44768649339675903, 0.3765083849430084, 0.8410594463348389, 0.6733413338661194, 0.7417720556259155, 0.3723609745502472, 0.49938976764678955, 0.3432113528251648, 0.4112926125526428, 0.5662091970443726, 0.2084280252456665, 0.769343912601471, 0.6561042070388794, 0.29723432660102844, 0.764529824256897, 0.3350330591201782, 0.4029090702533722, 0.29177212715148926, 0.30349621176719666, 0.8124516606330872, 0.5073584914207458, 0.48084738850593567, 0.3877771198749542, 0.2077869474887848, 0.24493886530399323, 0.33543264865875244, 0.5004470944404602, 0.22666095197200775, 0.31013408303260803, 0.305122047662735, 0.6660118699073792, 0.43528249859809875, 0.9707918167114258, 0.40473684668540955, 0.2869536280632019, 0.545234739780426, 0.39519673585891724, 0.3289574086666107, 0.5399557948112488, 0.830986499786377, 0.4618127644062042, 0.49869853258132935, 1.1380407810211182, 0.31886935234069824, 0.3513815701007843, 0.3550349473953247, 0.2926100194454193, 0.2816998064517975, 0.7058969140052795, 0.275727242231369, 0.48099759221076965, 0.5119886994361877, 0.3314186930656433, 0.5283569097518921, 0.45535075664520264, 0.4277328550815582, 0.36533308029174805, 0.4826775789260864, 0.4164985418319702, 0.3231210708618164, 0.43687573075294495, 0.5807371735572815, 0.5011225938796997, 0.7135446667671204, 0.25011762976646423, 0.3096833825111389, 0.6518113017082214, 0.4590281844139099, 0.3152192533016205, 0.5386350154876709, 0.23316197097301483, 0.37655067443847656, 0.6757673025131226, 0.7164973616600037, 0.33940088748931885, 0.5511133074760437, 0.551642119884491, 0.3780279755592346, 0.5080527663230896, 0.4359114170074463, 0.609730064868927, 0.33984121680259705, 0.49138855934143066, 0.8847417831420898, 0.26424652338027954, 0.5251990556716919, 0.18872077763080597, 0.2038879692554474, 0.5695749521255493, 0.45448142290115356, 0.22654402256011963, 0.2339658886194229, 0.316807359457016, 0.3128557801246643, 